id,generador,pid,nombreProducto,precio,stock
1,0,7266,Notebook 15",5929.45,397
11,1,7267,Webcam 1080p,16928.15,438
21,2,7268,Memoria 16GB,1646.45,350
31,3,7269,Motherboard AM5,3679.14,198
41,4,7270,GPU RTX 4060,11686.68,477
51,5,7271,Mouse Gamer,11929.14,417
61,6,7272,Fuente 650W 80+,25587.57,334
71,7,7273,Webcam 1080p,21789.38,121
32,3,7269,Microfono USB,21328.25,130
12,1,7267,Notebook 15",12153.84,126
72,7,7273,Fuente 650W 80+,30249.82,389
2,0,7266,Fuente 650W 80+,2831.38,249
52,5,7271,Router WiFi 6,25677.42,420
42,4,7270,GPU RTX 4060,10686.65,308
73,7,7273,Monitor 24",5305.75,247
22,2,7268,Mouse Gamer,20901.52,134
13,1,7267,Webcam 1080p,2519.65,21
3,0,7266,Pad Mouse XL,28485.32,2
62,6,7272,Monitor 24",14836.96,6
33,3,7269,Microfono USB,11389.27,102
43,4,7270,Memoria 16GB,28491.00,167
53,5,7271,Pad Mouse XL,20949.96,106
63,6,7272,Teclado Mecanico,18846.90,203
34,3,7269,Fuente 650W 80+,12503.57,388
4,0,7266,Fuente 650W 80+,5511.73,358
14,1,7267,SSD NVMe 1TB,10068.38,155
54,5,7271,Fuente 650W 80+,19466.91,364
74,7,7273,Monitor 24",7746.49,236
23,2,7268,Mouse Gamer,5326.96,311
44,4,7270,GPU RTX 4060,18385.22,53
64,6,7272,Silla Gamer,9553.01,362
35,3,7269,Monitor 24",18369.24,301
55,5,7271,SSD NVMe 1TB,14971.35,131
15,1,7267,Mouse Gamer,19603.38,474
75,7,7273,Memoria 16GB,13748.05,278
36,3,7269,Router WiFi 6,7061.08,352
5,0,7266,Monitor 24",26311.36,363
65,6,7272,Teclado Mecanico,10768.89,12
76,7,7273,Monitor 24",7556.39,386
45,4,7270,SSD NVMe 1TB,12106.17,184
24,2,7268,Router WiFi 6,13139.75,263
56,5,7271,Notebook 15",9784.48,359
57,5,7271,Mouse Gamer,21603.01,38
37,3,7269,GPU RTX 4060,29010.00,439
46,4,7270,Memoria 16GB,5706.85,89
16,1,7267,SSD NVMe 1TB,11691.76,174
47,4,7270,Monitor 24",9355.80,260
6,0,7266,Monitor 24",9278.54,56
66,6,7272,Teclado Mecanico,23461.83,163
38,3,7269,Auriculares BT,4940.51,424
77,7,7273,Webcam 1080p,25650.12,334
25,2,7268,Microfono USB,5042.08,132
58,5,7271,Notebook 15",17711.81,267
78,7,7273,Notebook 15",9936.74,488
17,1,7267,SSD NVMe 1TB,3495.77,127
39,3,7269,Motherboard AM5,23042.44,242
48,4,7270,SSD NVMe 1TB,19921.18,296
59,5,7271,GPU RTX 4060,9901.90,31
26,2,7268,SSD NVMe 1TB,30569.78,262
7,0,7266,Motherboard AM5,28227.45,425
67,6,7272,Fuente 650W 80+,10319.46,152
18,1,7267,Pad Mouse XL,28364.91,329
27,2,7268,Motherboard AM5,4489.56,454
19,1,7267,Webcam 1080p,27240.63,53
79,7,7273,Fuente 650W 80+,24283.03,132
40,3,7269,Pad Mouse XL,15798.25,419
8,0,7266,Auriculares BT,29152.79,388
68,6,7272,Auriculares BT,8828.93,412
28,2,7268,Motherboard AM5,7096.73,319
69,6,7272,Notebook 15",25256.07,195
60,5,7271,Fuente 650W 80+,19644.64,284
81,3,7269,Auriculares BT,5960.66,336
49,4,7270,Mouse Gamer,7410.15,74
20,1,7267,Memoria 16GB,13204.08,51
80,7,7273,GPU RTX 4060,28208.70,412
91,5,7271,Router WiFi 6,15305.81,384
70,6,7272,Memoria 16GB,13487.03,300
9,0,7266,Router WiFi 6,23072.23,222
29,2,7268,GPU RTX 4060,14712.57,135
30,2,7268,SSD NVMe 1TB,13903.17,150
50,4,7270,Notebook 15",18279.24,284
101,1,7267,Memoria 16GB,1336.21,151
82,3,7269,Notebook 15",9097.44,271
111,7,7273,Router WiFi 6,17700.30,164
10,0,7266,Webcam 1080p,12495.73,426
92,5,7271,Pad Mouse XL,30986.80,201
121,4,7270,Pad Mouse XL,4707.51,235
131,6,7272,Silla Gamer,27575.75,354
83,3,7269,Monitor 24",28570.19,177
141,2,7268,Notebook 15",1138.30,191
112,7,7273,SSD NVMe 1TB,6649.30,287
132,6,7272,Pad Mouse XL,18941.19,263
122,4,7270,Teclado Mecanico,18402.10,308
102,1,7267,Mouse Gamer,22198.15,357
93,5,7271,Monitor 24",5243.04,172
151,0,7266,Teclado Mecanico,25180.69,477
133,6,7272,Monitor 24",23340.06,99
142,2,7268,Microfono USB,4663.24,395
103,1,7267,GPU RTX 4060,1175.54,296
94,5,7271,Microfono USB,8759.96,464
113,7,7273,Motherboard AM5,1458.89,115
123,4,7270,Microfono USB,25751.55,179
143,2,7268,Monitor 24",29732.36,340
134,6,7272,Mouse Gamer,9912.30,219
84,3,7269,GPU RTX 4060,26971.43,49
152,0,7266,Auriculares BT,30754.61,154
114,7,7273,Memoria 16GB,9813.23,438
144,2,7268,SSD NVMe 1TB,11709.85,377
115,7,7273,GPU RTX 4060,18920.01,89
95,5,7271,Motherboard AM5,7076.24,453
104,1,7267,Teclado Mecanico,27946.01,487
124,4,7270,Webcam 1080p,19393.72,392
85,3,7269,Teclado Mecanico,18238.03,150
135,6,7272,Notebook 15",13156.94,165
145,2,7268,Mouse Gamer,26879.65,340
153,0,7266,Motherboard AM5,17660.54,319
105,1,7267,GPU RTX 4060,9943.37,168
96,5,7271,Router WiFi 6,7124.49,328
146,2,7268,Router WiFi 6,18116.09,157
106,1,7267,Silla Gamer,5329.98,204
125,4,7270,Silla Gamer,12745.11,255
116,7,7273,Motherboard AM5,10342.09,292
136,6,7272,Fuente 650W 80+,29011.12,154
97,5,7271,GPU RTX 4060,4704.59,258
154,0,7266,Notebook 15",21293.70,335
107,1,7267,Microfono USB,18508.14,450
147,2,7268,Motherboard AM5,3552.66,44
126,4,7270,SSD NVMe 1TB,9255.39,144
86,3,7269,Mouse Gamer,14923.95,53
98,5,7271,Router WiFi 6,11620.12,230
87,3,7269,SSD NVMe 1TB,7285.82,232
127,4,7270,Router WiFi 6,25175.39,448
155,0,7266,Mouse Gamer,12857.65,168
137,6,7272,GPU RTX 4060,2538.72,425
108,1,7267,SSD NVMe 1TB,21386.72,62
117,7,7273,Auriculares BT,3974.33,323
99,5,7271,Monitor 24",5077.46,211
148,2,7268,Router WiFi 6,8454.27,457
88,3,7269,Memoria 16GB,7239.48,165
128,4,7270,Teclado Mecanico,10704.81,262
156,0,7266,Router WiFi 6,27694.16,412
138,6,7272,GPU RTX 4060,28106.37,57
109,1,7267,Router WiFi 6,20403.96,9
118,7,7273,Pad Mouse XL,13774.39,412
100,5,7271,Memoria 16GB,5008.01,107
149,2,7268,Fuente 650W 80+,16231.92,137
89,3,7269,Microfono USB,27520.63,395
129,4,7270,SSD NVMe 1TB,28721.16,316
157,0,7266,Pad Mouse XL,2372.92,430
139,6,7272,Monitor 24",21265.66,118
110,1,7267,Silla Gamer,6963.68,462
119,7,7273,Webcam 1080p,2274.09,86
161,5,7271,GPU RTX 4060,30598.97,325
150,2,7268,Pad Mouse XL,10786.94,209
90,3,7269,Microfono USB,16513.02,360
130,4,7270,Mouse Gamer,5406.31,157
158,0,7266,Notebook 15",3823.85,88
140,6,7272,Webcam 1080p,24839.08,196
171,1,7267,Fuente 650W 80+,12450.16,189
120,7,7273,SSD NVMe 1TB,29609.61,477
162,5,7271,Memoria 16GB,26293.29,134
181,2,7268,Router WiFi 6,24563.21,462
191,3,7269,SSD NVMe 1TB,8619.91,372
201,4,7270,Mouse Gamer,20207.85,294
159,0,7266,Mouse Gamer,19961.02,16
211,6,7272,Webcam 1080p,30557.60,389
172,1,7267,Motherboard AM5,22022.20,455
221,7,7273,GPU RTX 4060,16829.57,455
163,5,7271,Teclado Mecanico,30415.83,181
182,2,7268,Notebook 15",26736.19,432
192,3,7269,Pad Mouse XL,16333.03,244
202,4,7270,Fuente 650W 80+,26521.53,136
160,0,7266,Monitor 24",7581.78,206
212,6,7272,GPU RTX 4060,5593.14,281
173,1,7267,SSD NVMe 1TB,8115.92,124
222,7,7273,Router WiFi 6,25674.73,406
164,5,7271,Motherboard AM5,4086.65,94
183,2,7268,Notebook 15",8766.52,94
193,3,7269,Monitor 24",21435.53,93
203,4,7270,Pad Mouse XL,16222.98,384
231,0,7266,Pad Mouse XL,24873.13,275
213,6,7272,Teclado Mecanico,18375.14,468
174,1,7267,GPU RTX 4060,2660.32,488
223,7,7273,SSD NVMe 1TB,16847.74,426
165,5,7271,Motherboard AM5,3806.95,201
184,2,7268,Fuente 650W 80+,23435.23,179
194,3,7269,Teclado Mecanico,1248.43,159
204,4,7270,Motherboard AM5,11540.17,31
232,0,7266,GPU RTX 4060,19482.28,358
214,6,7272,Memoria 16GB,18771.80,150
175,1,7267,Silla Gamer,3440.63,347
224,7,7273,Silla Gamer,6352.82,7
166,5,7271,Pad Mouse XL,16021.68,371
185,2,7268,SSD NVMe 1TB,20298.45,359
195,3,7269,Teclado Mecanico,11030.15,126
205,4,7270,Fuente 650W 80+,12197.40,254
233,0,7266,Silla Gamer,5345.69,368
215,6,7272,Auriculares BT,17358.18,495
176,1,7267,Auriculares BT,3929.23,346
225,7,7273,Webcam 1080p,19199.14,258
167,5,7271,Notebook 15",5598.96,151
186,2,7268,SSD NVMe 1TB,12460.89,347
196,3,7269,Mouse Gamer,26131.68,335
206,4,7270,Memoria 16GB,22187.28,430
234,0,7266,Router WiFi 6,10272.21,340
216,6,7272,Teclado Mecanico,12904.20,304
177,1,7267,GPU RTX 4060,19165.74,138
226,7,7273,Silla Gamer,21808.69,191
168,5,7271,Auriculares BT,11962.76,368
187,2,7268,Microfono USB,4327.07,201
197,3,7269,Silla Gamer,18499.33,428
207,4,7270,Pad Mouse XL,21137.57,385
235,0,7266,GPU RTX 4060,6450.21,483
217,6,7272,Mouse Gamer,8969.94,485
178,1,7267,Auriculares BT,11133.22,325
227,7,7273,Memoria 16GB,16880.88,410
169,5,7271,Memoria 16GB,16291.80,149
188,2,7268,Auriculares BT,26780.61,0
198,3,7269,Webcam 1080p,26354.66,295
208,4,7270,Router WiFi 6,20458.88,219
236,0,7266,Monitor 24",26154.37,475
218,6,7272,Fuente 650W 80+,18742.24,65
179,1,7267,Silla Gamer,24871.32,220
228,7,7273,Pad Mouse XL,18158.70,140
170,5,7271,Mouse Gamer,13439.36,170
189,2,7268,Pad Mouse XL,3400.72,161
199,3,7269,SSD NVMe 1TB,30185.83,253
209,4,7270,Silla Gamer,3591.81,422
237,0,7266,Notebook 15",30357.30,419
219,6,7272,Router WiFi 6,11192.68,306
180,1,7267,Microfono USB,19392.31,106
229,7,7273,Auriculares BT,8874.62,268
241,5,7271,Fuente 650W 80+,1960.89,280
190,2,7268,Webcam 1080p,14205.94,35
200,3,7269,Monitor 24",3590.52,63
210,4,7270,Auriculares BT,22647.85,239
238,0,7266,Monitor 24",29554.58,356
220,6,7272,Fuente 650W 80+,14122.17,2
251,1,7267,Router WiFi 6,22487.28,293
230,7,7273,Teclado Mecanico,13847.45,472
242,5,7271,Notebook 15",27858.44,353
261,2,7268,Monitor 24",9260.59,351
271,3,7269,Motherboard AM5,19061.50,24
281,4,7270,Memoria 16GB,19484.20,92
239,0,7266,Notebook 15",20460.55,17
291,6,7272,Monitor 24",8567.24,185
252,1,7267,Router WiFi 6,24167.81,267
301,7,7273,Auriculares BT,16828.07,253
243,5,7271,Auriculares BT,19130.81,382
262,2,7268,Auriculares BT,3143.44,281
272,3,7269,Silla Gamer,25037.53,486
282,4,7270,Auriculares BT,18352.63,366
240,0,7266,Silla Gamer,24585.61,341
292,6,7272,Webcam 1080p,30060.39,121
253,1,7267,Webcam 1080p,16111.92,398
302,7,7273,SSD NVMe 1TB,12953.10,472
244,5,7271,Notebook 15",2713.80,418
263,2,7268,SSD NVMe 1TB,24043.59,496
273,3,7269,Webcam 1080p,8370.51,72
283,4,7270,Memoria 16GB,19395.54,461
311,0,7266,Teclado Mecanico,1656.19,463
293,6,7272,SSD NVMe 1TB,19037.42,310
254,1,7267,Webcam 1080p,26163.59,130
303,7,7273,GPU RTX 4060,6342.01,50
245,5,7271,Microfono USB,4656.77,401
264,2,7268,Monitor 24",1580.29,465
274,3,7269,Mouse Gamer,3185.06,292
284,4,7270,Motherboard AM5,14628.39,174
312,0,7266,Auriculares BT,8908.83,119
294,6,7272,Auriculares BT,2514.38,196
255,1,7267,Silla Gamer,13477.63,271
304,7,7273,GPU RTX 4060,15058.55,83
246,5,7271,GPU RTX 4060,24414.58,287
265,2,7268,Microfono USB,4242.49,466
275,3,7269,Pad Mouse XL,15918.54,426
285,4,7270,Monitor 24",14909.54,167
313,0,7266,Mouse Gamer,2595.71,393
295,6,7272,Router WiFi 6,13983.52,187
256,1,7267,Motherboard AM5,18971.80,204
305,7,7273,Teclado Mecanico,7266.89,98
247,5,7271,GPU RTX 4060,6746.98,432
266,2,7268,Auriculares BT,6133.42,131
276,3,7269,Motherboard AM5,23939.68,400
286,4,7270,Silla Gamer,22182.33,208
314,0,7266,Router WiFi 6,11774.00,330
296,6,7272,Webcam 1080p,25614.48,270
257,1,7267,Microfono USB,26998.67,280
306,7,7273,Notebook 15",13562.68,224
248,5,7271,Pad Mouse XL,28413.56,442
267,2,7268,Teclado Mecanico,28778.57,354
277,3,7269,Monitor 24",18762.05,452
287,4,7270,Pad Mouse XL,26652.76,443
315,0,7266,GPU RTX 4060,15373.95,70
297,6,7272,Silla Gamer,10900.92,341
258,1,7267,Monitor 24",18823.92,1
307,7,7273,Mouse Gamer,19627.80,135
249,5,7271,Motherboard AM5,30008.52,232
268,2,7268,Notebook 15",20905.77,168
278,3,7269,Auriculares BT,11439.06,193
288,4,7270,Motherboard AM5,26082.53,357
316,0,7266,Silla Gamer,17795.82,92
298,6,7272,Pad Mouse XL,27935.87,274
259,1,7267,Teclado Mecanico,9888.34,278
308,7,7273,Motherboard AM5,21778.31,188
250,5,7271,Motherboard AM5,22231.89,269
269,2,7268,Silla Gamer,10764.91,268
279,3,7269,Mouse Gamer,7551.08,361
289,4,7270,Monitor 24",12576.54,244
317,0,7266,Microfono USB,9774.26,312
299,6,7272,Mouse Gamer,27214.45,470
260,1,7267,Teclado Mecanico,12983.64,40
309,7,7273,Memoria 16GB,29558.94,49
321,5,7271,Motherboard AM5,26217.31,419
270,2,7268,GPU RTX 4060,11701.59,298
280,3,7269,Fuente 650W 80+,25635.23,453
290,4,7270,Silla Gamer,29846.40,69
318,0,7266,Memoria 16GB,27392.96,394
300,6,7272,Motherboard AM5,20427.69,445
331,1,7267,Microfono USB,23131.27,162
310,7,7273,Auriculares BT,17751.60,335
322,5,7271,Auriculares BT,12393.48,118
341,2,7268,Monitor 24",12996.48,192
351,3,7269,Notebook 15",25786.27,47
361,4,7270,Pad Mouse XL,13400.84,449
319,0,7266,Microfono USB,2784.20,82
371,6,7272,Webcam 1080p,9637.20,367
332,1,7267,Memoria 16GB,5573.17,303
381,7,7273,Pad Mouse XL,2146.18,417
323,5,7271,Memoria 16GB,12832.05,47
342,2,7268,Silla Gamer,16080.87,292
352,3,7269,Monitor 24",10614.48,21
362,4,7270,Silla Gamer,17857.89,498
320,0,7266,Silla Gamer,29381.79,223
372,6,7272,Silla Gamer,22766.01,224
333,1,7267,Motherboard AM5,5653.36,320
382,7,7273,Router WiFi 6,15360.22,275
324,5,7271,Notebook 15",21937.53,322
343,2,7268,Silla Gamer,28228.39,266
353,3,7269,Motherboard AM5,16901.05,88
363,4,7270,Pad Mouse XL,24671.61,286
391,0,7266,GPU RTX 4060,9452.14,150
373,6,7272,GPU RTX 4060,29166.07,467
334,1,7267,Monitor 24",7479.41,121
383,7,7273,Memoria 16GB,25713.58,280
325,5,7271,Mouse Gamer,4785.58,418
344,2,7268,Monitor 24",3829.33,140
354,3,7269,Teclado Mecanico,9813.90,124
364,4,7270,Mouse Gamer,7603.29,236
392,0,7266,Pad Mouse XL,29083.57,264
374,6,7272,Router WiFi 6,17697.47,166
335,1,7267,Memoria 16GB,10025.81,297
384,7,7273,SSD NVMe 1TB,20213.19,183
326,5,7271,Auriculares BT,2304.33,300
345,2,7268,Teclado Mecanico,24856.85,350
355,3,7269,Motherboard AM5,30517.90,4
365,4,7270,Webcam 1080p,16470.63,32
393,0,7266,Microfono USB,8776.24,81
375,6,7272,Notebook 15",4128.88,357
336,1,7267,Silla Gamer,14796.79,408
385,7,7273,Pad Mouse XL,16834.69,488
327,5,7271,Mouse Gamer,24018.52,102
346,2,7268,Pad Mouse XL,12986.97,303
356,3,7269,Mouse Gamer,4322.18,52
366,4,7270,Monitor 24",4942.71,163
394,0,7266,Pad Mouse XL,22348.71,365
376,6,7272,Teclado Mecanico,6123.29,142
337,1,7267,Mouse Gamer,15617.73,45
386,7,7273,Teclado Mecanico,25663.60,477
328,5,7271,Silla Gamer,7906.60,221
347,2,7268,Memoria 16GB,8521.09,281
357,3,7269,Silla Gamer,18230.97,478
367,4,7270,Teclado Mecanico,24754.36,91
395,0,7266,Monitor 24",14689.19,349
377,6,7272,Pad Mouse XL,29705.49,289
338,1,7267,Memoria 16GB,20227.21,173
387,7,7273,Motherboard AM5,10701.83,259
329,5,7271,Webcam 1080p,7496.68,104
348,2,7268,GPU RTX 4060,22823.73,104
358,3,7269,Motherboard AM5,28591.76,246
368,4,7270,Mouse Gamer,25038.16,294
396,0,7266,Monitor 24",4342.22,115
378,6,7272,Webcam 1080p,26061.39,296
339,1,7267,Teclado Mecanico,15665.93,39
388,7,7273,Pad Mouse XL,29971.06,79
330,5,7271,Auriculares BT,28381.80,138
349,2,7268,Microfono USB,20224.42,429
359,3,7269,SSD NVMe 1TB,2762.03,290
369,4,7270,Microfono USB,30855.23,90
397,0,7266,Microfono USB,23705.47,13
379,6,7272,Mouse Gamer,29205.73,3
340,1,7267,Microfono USB,20850.33,211
389,7,7273,Microfono USB,3348.62,415
401,5,7271,Silla Gamer,17295.16,343
350,2,7268,Webcam 1080p,11660.63,185
360,3,7269,Webcam 1080p,14856.02,183
370,4,7270,Router WiFi 6,28816.10,399
398,0,7266,Mouse Gamer,14637.20,462
380,6,7272,SSD NVMe 1TB,19682.90,492
411,1,7267,Webcam 1080p,4193.07,337
390,7,7273,Pad Mouse XL,25592.35,222
402,5,7271,SSD NVMe 1TB,9784.44,5
421,2,7268,SSD NVMe 1TB,28055.77,388
431,3,7269,SSD NVMe 1TB,26699.63,237
441,4,7270,Monitor 24",12691.61,44
399,0,7266,Pad Mouse XL,29716.36,159
451,6,7272,Motherboard AM5,16738.52,299
412,1,7267,Teclado Mecanico,2457.65,335
461,7,7273,Mouse Gamer,3017.47,63
403,5,7271,Silla Gamer,29471.75,257
422,2,7268,GPU RTX 4060,3175.21,316
432,3,7269,Teclado Mecanico,16256.44,465
442,4,7270,Notebook 15",9783.59,239
400,0,7266,Teclado Mecanico,7708.57,402
452,6,7272,Webcam 1080p,11184.16,144
413,1,7267,Pad Mouse XL,29961.71,268
462,7,7273,Auriculares BT,19341.93,342
404,5,7271,Teclado Mecanico,25369.54,310
423,2,7268,Notebook 15",23200.51,96
433,3,7269,Fuente 650W 80+,9824.89,421
443,4,7270,Auriculares BT,22644.95,75
471,0,7266,SSD NVMe 1TB,7442.80,409
453,6,7272,Fuente 650W 80+,11884.60,461
414,1,7267,Mouse Gamer,27784.01,271
463,7,7273,Microfono USB,27319.19,405
405,5,7271,Webcam 1080p,2825.07,1
424,2,7268,Memoria 16GB,27630.93,284
434,3,7269,SSD NVMe 1TB,30648.33,36
444,4,7270,Monitor 24",15504.86,202
472,0,7266,Mouse Gamer,12545.43,63
454,6,7272,Pad Mouse XL,8957.38,197
415,1,7267,Teclado Mecanico,18946.48,412
464,7,7273,Auriculares BT,14707.22,384
406,5,7271,Fuente 650W 80+,19977.09,442
425,2,7268,Fuente 650W 80+,25165.04,20
435,3,7269,Microfono USB,14962.39,111
445,4,7270,Motherboard AM5,12797.91,116
473,0,7266,Pad Mouse XL,2072.62,170
455,6,7272,Fuente 650W 80+,24351.80,65
416,1,7267,Fuente 650W 80+,29750.48,196
465,7,7273,Router WiFi 6,21521.21,416
407,5,7271,Silla Gamer,13703.06,194
426,2,7268,Pad Mouse XL,17952.13,373
436,3,7269,Mouse Gamer,15414.13,314
446,4,7270,Fuente 650W 80+,9479.12,127
474,0,7266,Mouse Gamer,30004.00,198
456,6,7272,Notebook 15",23260.37,301
417,1,7267,Mouse Gamer,21875.80,115
466,7,7273,Memoria 16GB,24989.05,213
408,5,7271,Monitor 24",9042.14,456
427,2,7268,Motherboard AM5,26883.28,246
437,3,7269,Microfono USB,23647.51,7
447,4,7270,Webcam 1080p,9039.23,236
475,0,7266,Auriculares BT,24370.69,491
457,6,7272,Teclado Mecanico,5722.57,296
418,1,7267,Memoria 16GB,23622.70,210
467,7,7273,Motherboard AM5,22360.58,290
409,5,7271,Teclado Mecanico,1237.76,14
428,2,7268,Memoria 16GB,5919.74,366
438,3,7269,Webcam 1080p,10628.72,456
448,4,7270,Memoria 16GB,24166.38,287
476,0,7266,Pad Mouse XL,9391.89,61
458,6,7272,SSD NVMe 1TB,21771.20,442
419,1,7267,Microfono USB,27874.22,307
468,7,7273,Router WiFi 6,28047.86,185
410,5,7271,Notebook 15",29986.47,53
429,2,7268,Notebook 15",5735.84,411
439,3,7269,Auriculares BT,21337.62,83
449,4,7270,Notebook 15",6140.62,87
477,0,7266,Router WiFi 6,28813.50,121
459,6,7272,Fuente 650W 80+,22842.37,191
420,1,7267,Teclado Mecanico,26278.99,142
469,7,7273,Webcam 1080p,24094.31,23
481,5,7271,Pad Mouse XL,10780.82,377
430,2,7268,Teclado Mecanico,7480.78,257
440,3,7269,Silla Gamer,11909.16,354
450,4,7270,Notebook 15",30977.58,262
478,0,7266,Microfono USB,2427.67,455
460,6,7272,Silla Gamer,4260.83,426
491,1,7267,Teclado Mecanico,23818.09,232
470,7,7273,Notebook 15",18787.07,264
482,5,7271,Notebook 15",25863.84,45
501,2,7268,Microfono USB,16435.17,429
511,3,7269,Auriculares BT,21599.58,9
521,4,7270,Pad Mouse XL,25807.64,106
479,0,7266,Pad Mouse XL,5295.81,388
531,6,7272,Monitor 24",8959.11,458
492,1,7267,Teclado Mecanico,17129.37,209
541,7,7273,Pad Mouse XL,14261.15,21
483,5,7271,Notebook 15",5915.18,385
502,2,7268,Mouse Gamer,16784.64,263
512,3,7269,Memoria 16GB,9957.62,485
522,4,7270,Webcam 1080p,24236.26,464
480,0,7266,Pad Mouse XL,25435.80,326
532,6,7272,Webcam 1080p,13495.62,154
493,1,7267,Router WiFi 6,14623.93,0
542,7,7273,Microfono USB,12080.56,297
484,5,7271,Monitor 24",25588.14,152
503,2,7268,Silla Gamer,9749.80,286
513,3,7269,Memoria 16GB,24197.40,479
523,4,7270,Microfono USB,25868.60,348
551,0,7266,Fuente 650W 80+,5969.96,347
533,6,7272,Auriculares BT,23126.26,87
494,1,7267,Memoria 16GB,27212.62,129
543,7,7273,Motherboard AM5,10211.61,128
485,5,7271,GPU RTX 4060,3346.43,453
504,2,7268,Mouse Gamer,15585.62,422
514,3,7269,Memoria 16GB,11140.37,372
524,4,7270,Microfono USB,20803.48,431
552,0,7266,Memoria 16GB,21490.95,245
534,6,7272,Monitor 24",25256.48,40
495,1,7267,Auriculares BT,18963.37,397
544,7,7273,Mouse Gamer,15482.07,461
486,5,7271,Microfono USB,26194.03,120
505,2,7268,Microfono USB,23949.56,173
515,3,7269,Router WiFi 6,23357.03,108
525,4,7270,Memoria 16GB,20211.80,143
553,0,7266,Webcam 1080p,16148.41,125
535,6,7272,Microfono USB,9821.02,322
496,1,7267,Pad Mouse XL,30041.97,237
545,7,7273,GPU RTX 4060,22794.74,145
487,5,7271,Pad Mouse XL,3084.22,458
506,2,7268,Monitor 24",13284.57,196
516,3,7269,Router WiFi 6,26798.73,215
526,4,7270,Teclado Mecanico,21253.75,281
554,0,7266,Webcam 1080p,19501.31,484
536,6,7272,GPU RTX 4060,17282.31,113
497,1,7267,Fuente 650W 80+,2562.70,317
546,7,7273,Auriculares BT,4963.45,136
488,5,7271,Webcam 1080p,3452.15,18
507,2,7268,Webcam 1080p,18779.74,446
517,3,7269,Microfono USB,17897.14,487
527,4,7270,Pad Mouse XL,17048.93,89
555,0,7266,Webcam 1080p,27212.07,131
537,6,7272,Fuente 650W 80+,10009.60,283
498,1,7267,Fuente 650W 80+,6688.57,238
547,7,7273,Notebook 15",16382.23,279
489,5,7271,Silla Gamer,23076.74,274
508,2,7268,Pad Mouse XL,30891.67,89
518,3,7269,Webcam 1080p,20737.54,282
528,4,7270,Motherboard AM5,6416.11,412
556,0,7266,Motherboard AM5,5209.06,416
538,6,7272,Router WiFi 6,15677.96,100
499,1,7267,Webcam 1080p,11862.18,153
548,7,7273,Microfono USB,29567.75,105
490,5,7271,Mouse Gamer,20900.18,361
509,2,7268,GPU RTX 4060,6444.98,269
519,3,7269,Fuente 650W 80+,4358.18,13
529,4,7270,Silla Gamer,12806.01,11
557,0,7266,Silla Gamer,20230.72,273
539,6,7272,Router WiFi 6,15877.24,162
500,1,7267,Teclado Mecanico,7357.08,365
549,7,7273,Router WiFi 6,27668.98,148
561,5,7271,Auriculares BT,27931.28,287
510,2,7268,Pad Mouse XL,26614.88,252
520,3,7269,Router WiFi 6,11136.67,452
530,4,7270,Microfono USB,30336.03,194
558,0,7266,Fuente 650W 80+,27071.86,407
540,6,7272,Mouse Gamer,5737.22,494
571,1,7267,Silla Gamer,19788.69,242
550,7,7273,Fuente 650W 80+,14636.30,183
562,5,7271,Router WiFi 6,12485.90,497
581,2,7268,SSD NVMe 1TB,14854.14,168
591,3,7269,Microfono USB,11398.70,372
601,4,7270,Teclado Mecanico,12372.32,463
559,0,7266,Motherboard AM5,28974.29,98
611,6,7272,Monitor 24",5995.06,178
572,1,7267,Mouse Gamer,14094.81,39
621,7,7273,Webcam 1080p,1083.69,324
563,5,7271,Memoria 16GB,7636.32,301
582,2,7268,Monitor 24",20024.85,275
592,3,7269,Microfono USB,20112.48,364
602,4,7270,Silla Gamer,16088.13,172
560,0,7266,Notebook 15",16376.47,120
612,6,7272,Pad Mouse XL,26176.44,189
573,1,7267,GPU RTX 4060,8915.75,492
622,7,7273,Microfono USB,7981.56,276
564,5,7271,Router WiFi 6,5184.66,381
583,2,7268,Webcam 1080p,12119.19,360
593,3,7269,Monitor 24",28069.82,160
603,4,7270,Teclado Mecanico,23123.65,432
631,0,7266,Pad Mouse XL,16339.01,480
613,6,7272,Auriculares BT,17899.01,99
574,1,7267,Auriculares BT,4944.79,338
623,7,7273,Motherboard AM5,29840.84,131
565,5,7271,GPU RTX 4060,2075.26,200
584,2,7268,Memoria 16GB,25180.97,319
594,3,7269,GPU RTX 4060,5657.10,210
604,4,7270,Notebook 15",1571.37,214
632,0,7266,Microfono USB,20322.83,494
614,6,7272,Pad Mouse XL,15904.29,262
575,1,7267,Teclado Mecanico,1932.34,72
624,7,7273,Router WiFi 6,11254.60,51
566,5,7271,Notebook 15",9104.43,260
585,2,7268,Memoria 16GB,13390.11,59
595,3,7269,Motherboard AM5,25412.02,74
605,4,7270,Notebook 15",1790.05,100
633,0,7266,GPU RTX 4060,6430.15,108
615,6,7272,Webcam 1080p,17389.52,195
576,1,7267,Webcam 1080p,17672.09,154
625,7,7273,Teclado Mecanico,6381.00,124
567,5,7271,Router WiFi 6,4608.93,322
586,2,7268,Notebook 15",28062.82,188
596,3,7269,SSD NVMe 1TB,30320.82,104
606,4,7270,Monitor 24",22074.08,36
634,0,7266,Motherboard AM5,22831.92,52
616,6,7272,Notebook 15",8617.12,360
577,1,7267,Auriculares BT,13182.29,154
626,7,7273,Motherboard AM5,9622.57,403
568,5,7271,Motherboard AM5,1734.59,352
587,2,7268,Silla Gamer,17623.87,53
597,3,7269,GPU RTX 4060,13809.09,477
607,4,7270,Teclado Mecanico,12314.79,61
635,0,7266,SSD NVMe 1TB,17343.77,234
617,6,7272,Monitor 24",11492.54,386
578,1,7267,Auriculares BT,4018.05,269
627,7,7273,Notebook 15",6260.07,311
569,5,7271,Teclado Mecanico,26961.00,77
588,2,7268,Teclado Mecanico,26099.37,390
598,3,7269,Mouse Gamer,5761.23,354
608,4,7270,SSD NVMe 1TB,20233.84,255
636,0,7266,Monitor 24",14744.82,155
618,6,7272,Silla Gamer,20877.77,135
579,1,7267,Pad Mouse XL,9906.32,74
628,7,7273,Monitor 24",20582.22,181
570,5,7271,Motherboard AM5,26447.89,413
589,2,7268,Notebook 15",4357.66,2
599,3,7269,Pad Mouse XL,1936.72,469
609,4,7270,Memoria 16GB,5778.11,94
637,0,7266,Monitor 24",10816.06,120
619,6,7272,Router WiFi 6,17401.01,461
580,1,7267,Silla Gamer,26508.72,431
629,7,7273,Notebook 15",14506.88,232
641,5,7271,Mouse Gamer,16505.81,39
590,2,7268,Mouse Gamer,6101.88,166
600,3,7269,Monitor 24",8791.35,423
610,4,7270,Notebook 15",23965.41,247
638,0,7266,Teclado Mecanico,26332.08,471
620,6,7272,GPU RTX 4060,1115.30,53
651,1,7267,Auriculares BT,5634.69,151
630,7,7273,Notebook 15",14721.82,303
642,5,7271,Auriculares BT,16443.04,409
661,2,7268,SSD NVMe 1TB,4873.64,482
671,3,7269,Auriculares BT,13967.52,262
681,4,7270,Mouse Gamer,11657.83,262
639,0,7266,Microfono USB,8030.83,424
691,6,7272,Silla Gamer,30456.78,227
652,1,7267,Fuente 650W 80+,29909.32,261
701,7,7273,Notebook 15",28513.20,100
643,5,7271,GPU RTX 4060,14234.89,106
662,2,7268,Mouse Gamer,1048.84,201
672,3,7269,Motherboard AM5,23230.03,97
682,4,7270,Router WiFi 6,27081.74,55
640,0,7266,Memoria 16GB,16492.51,482
692,6,7272,SSD NVMe 1TB,16342.96,420
653,1,7267,Monitor 24",12374.22,357
702,7,7273,Auriculares BT,15387.73,479
644,5,7271,Silla Gamer,6981.12,495
663,2,7268,Auriculares BT,1564.30,452
673,3,7269,Memoria 16GB,24956.61,127
683,4,7270,Mouse Gamer,4651.79,469
711,0,7266,Webcam 1080p,12491.18,401
693,6,7272,Router WiFi 6,30118.53,269
654,1,7267,Webcam 1080p,1536.86,208
703,7,7273,Notebook 15",20417.70,59
645,5,7271,Teclado Mecanico,24455.41,105
664,2,7268,Pad Mouse XL,13213.33,276
674,3,7269,Router WiFi 6,22927.04,333
684,4,7270,Teclado Mecanico,17951.87,484
712,0,7266,GPU RTX 4060,26071.26,402
694,6,7272,Auriculares BT,9709.69,351
655,1,7267,Router WiFi 6,1659.11,401
704,7,7273,Fuente 650W 80+,10942.68,411
646,5,7271,Silla Gamer,21716.71,201
665,2,7268,GPU RTX 4060,4817.66,450
675,3,7269,Teclado Mecanico,18163.78,386
685,4,7270,Motherboard AM5,12960.76,276
713,0,7266,Teclado Mecanico,22865.29,229
695,6,7272,Monitor 24",21412.89,297
656,1,7267,Monitor 24",22859.30,381
705,7,7273,Teclado Mecanico,11229.71,298
647,5,7271,Pad Mouse XL,14961.36,403
666,2,7268,Pad Mouse XL,11439.31,117
676,3,7269,Silla Gamer,3177.97,141
686,4,7270,Motherboard AM5,20359.77,364
714,0,7266,Mouse Gamer,5669.23,191
696,6,7272,Monitor 24",14180.88,335
657,1,7267,Microfono USB,2977.86,449
706,7,7273,Teclado Mecanico,5597.96,384
648,5,7271,Auriculares BT,21687.34,250
667,2,7268,Auriculares BT,16345.60,488
677,3,7269,Fuente 650W 80+,3183.29,146
687,4,7270,Silla Gamer,3667.44,136
715,0,7266,Fuente 650W 80+,27757.48,349
697,6,7272,Notebook 15",11864.72,477
658,1,7267,Router WiFi 6,13185.89,18
707,7,7273,Webcam 1080p,4978.34,456
649,5,7271,Teclado Mecanico,13227.16,220
668,2,7268,Memoria 16GB,8725.42,161
678,3,7269,Fuente 650W 80+,13806.06,496
688,4,7270,Teclado Mecanico,17687.52,251
716,0,7266,Silla Gamer,27184.46,391
698,6,7272,Fuente 650W 80+,3966.00,334
659,1,7267,Silla Gamer,27689.28,181
708,7,7273,Memoria 16GB,10018.72,330
650,5,7271,Motherboard AM5,8253.81,312
669,2,7268,Notebook 15",26733.17,293
679,3,7269,Monitor 24",27143.30,44
689,4,7270,Router WiFi 6,1337.76,100
717,0,7266,Mouse Gamer,27174.00,433
699,6,7272,Router WiFi 6,28222.06,255
660,1,7267,Router WiFi 6,26545.48,89
709,7,7273,Teclado Mecanico,2555.39,200
721,5,7271,Router WiFi 6,12628.57,45
670,2,7268,Notebook 15",18665.56,464
680,3,7269,Router WiFi 6,26459.79,465
690,4,7270,Memoria 16GB,10259.25,145
718,0,7266,Silla Gamer,29098.29,396
700,6,7272,Auriculares BT,7178.31,416
731,1,7267,Auriculares BT,22755.85,27
710,7,7273,SSD NVMe 1TB,27691.42,240
722,5,7271,SSD NVMe 1TB,26545.90,221
741,2,7268,Webcam 1080p,23392.23,6
751,3,7269,Mouse Gamer,3439.68,332
761,4,7270,Notebook 15",8916.53,416
719,0,7266,Pad Mouse XL,18843.89,17
771,6,7272,Router WiFi 6,27004.79,349
732,1,7267,Notebook 15",20652.65,64
781,7,7273,Microfono USB,12565.34,396
723,5,7271,Motherboard AM5,24313.98,419
742,2,7268,Mouse Gamer,12757.78,210
752,3,7269,Pad Mouse XL,23735.55,1
762,4,7270,Monitor 24",28527.35,398
720,0,7266,Motherboard AM5,13526.12,23
772,6,7272,Router WiFi 6,6252.22,190
733,1,7267,Mouse Gamer,2976.19,250
782,7,7273,Auriculares BT,1574.71,283
724,5,7271,Motherboard AM5,18555.19,258
743,2,7268,Mouse Gamer,2514.49,219
753,3,7269,GPU RTX 4060,21597.63,354
763,4,7270,Notebook 15",28257.94,456
791,0,7266,Memoria 16GB,18736.39,198
773,6,7272,Silla Gamer,12682.93,426
734,1,7267,Mouse Gamer,23208.92,225
783,7,7273,SSD NVMe 1TB,5850.29,10
725,5,7271,Router WiFi 6,13902.14,20
744,2,7268,Motherboard AM5,9030.73,448
754,3,7269,Router WiFi 6,27906.13,278
764,4,7270,Mouse Gamer,28148.68,314
792,0,7266,Auriculares BT,2608.62,241
774,6,7272,Pad Mouse XL,16870.05,106
735,1,7267,Silla Gamer,28924.44,82
784,7,7273,Auriculares BT,7995.38,488
726,5,7271,Monitor 24",8050.62,92
745,2,7268,Silla Gamer,9622.99,145
755,3,7269,Motherboard AM5,28852.91,242
765,4,7270,Fuente 650W 80+,13879.93,33
793,0,7266,Router WiFi 6,16840.44,484
775,6,7272,Pad Mouse XL,3057.33,419
736,1,7267,Silla Gamer,10353.56,480
785,7,7273,Microfono USB,30963.38,301
727,5,7271,GPU RTX 4060,9823.42,378
746,2,7268,Motherboard AM5,14462.77,187
756,3,7269,Auriculares BT,26059.99,253
766,4,7270,Router WiFi 6,15253.20,20
794,0,7266,Motherboard AM5,29123.64,260
776,6,7272,Router WiFi 6,19826.02,330
737,1,7267,Fuente 650W 80+,11037.32,12
786,7,7273,Silla Gamer,21491.09,151
728,5,7271,Memoria 16GB,4668.88,205
747,2,7268,Router WiFi 6,13945.39,490
757,3,7269,Pad Mouse XL,8461.54,471
767,4,7270,Memoria 16GB,6028.36,67
795,0,7266,Mouse Gamer,22811.58,341
777,6,7272,Silla Gamer,16549.32,76
738,1,7267,Microfono USB,28650.66,448
787,7,7273,GPU RTX 4060,16562.61,497
729,5,7271,GPU RTX 4060,7366.85,468
748,2,7268,GPU RTX 4060,24102.75,113
758,3,7269,GPU RTX 4060,14403.97,96
768,4,7270,Silla Gamer,13907.55,276
796,0,7266,SSD NVMe 1TB,18916.85,426
778,6,7272,Monitor 24",6775.45,186
739,1,7267,Silla Gamer,30980.69,18
788,7,7273,Memoria 16GB,10168.34,438
730,5,7271,Teclado Mecanico,23738.63,312
749,2,7268,Router WiFi 6,18136.77,364
759,3,7269,Auriculares BT,13049.25,331
769,4,7270,Silla Gamer,28484.76,280
797,0,7266,Motherboard AM5,18864.03,200
779,6,7272,Mouse Gamer,12331.24,230
740,1,7267,Webcam 1080p,15828.86,260
789,7,7273,Memoria 16GB,10944.55,158
801,5,7271,SSD NVMe 1TB,2401.94,223
750,2,7268,Auriculares BT,27849.35,51
760,3,7269,Microfono USB,20841.51,481
770,4,7270,Webcam 1080p,7892.20,331
798,0,7266,GPU RTX 4060,27196.91,30
780,6,7272,Motherboard AM5,2642.67,426
811,1,7267,Teclado Mecanico,24977.58,252
790,7,7273,Monitor 24",7153.42,58
802,5,7271,Monitor 24",21475.78,146
821,2,7268,Mouse Gamer,4894.65,238
831,3,7269,Mouse Gamer,23584.66,257
841,4,7270,Fuente 650W 80+,23203.31,244
799,0,7266,Teclado Mecanico,23817.15,232
851,6,7272,Monitor 24",30756.25,454
812,1,7267,Motherboard AM5,30566.50,202
861,7,7273,Memoria 16GB,16267.95,124
803,5,7271,Motherboard AM5,23438.50,469
822,2,7268,Memoria 16GB,8812.20,79
832,3,7269,Notebook 15",18067.97,408
842,4,7270,Mouse Gamer,4826.05,232
800,0,7266,Memoria 16GB,14109.96,364
852,6,7272,Monitor 24",27137.34,467
813,1,7267,Webcam 1080p,29769.15,85
862,7,7273,Silla Gamer,24684.45,99
804,5,7271,Teclado Mecanico,20651.37,337
823,2,7268,SSD NVMe 1TB,20321.82,132
833,3,7269,Memoria 16GB,20155.37,451
843,4,7270,Silla Gamer,28279.31,105
871,0,7266,Microfono USB,1794.71,40
853,6,7272,Motherboard AM5,6053.93,138
814,1,7267,Webcam 1080p,6954.23,272
863,7,7273,Mouse Gamer,16801.65,318
805,5,7271,Webcam 1080p,19248.91,240
824,2,7268,GPU RTX 4060,6450.50,192
834,3,7269,Microfono USB,28703.81,57
844,4,7270,Monitor 24",22784.10,457
872,0,7266,Notebook 15",13623.53,377
854,6,7272,Teclado Mecanico,18435.22,22
815,1,7267,Auriculares BT,23695.79,47
864,7,7273,Notebook 15",2843.75,112
806,5,7271,Fuente 650W 80+,29501.60,225
825,2,7268,Mouse Gamer,30001.34,333
835,3,7269,Microfono USB,18675.79,327
845,4,7270,Mouse Gamer,10342.68,100
873,0,7266,Monitor 24",19165.39,54
855,6,7272,SSD NVMe 1TB,22380.75,61
816,1,7267,Motherboard AM5,4557.81,183
865,7,7273,Motherboard AM5,15771.48,467
807,5,7271,Router WiFi 6,16671.57,395
826,2,7268,Notebook 15",26990.05,482
836,3,7269,Monitor 24",17074.00,176
846,4,7270,Monitor 24",4085.93,316
874,0,7266,Pad Mouse XL,20056.65,184
856,6,7272,Webcam 1080p,18284.33,342
817,1,7267,Motherboard AM5,29686.15,411
866,7,7273,Monitor 24",12680.49,142
808,5,7271,Motherboard AM5,7061.90,99
827,2,7268,Microfono USB,9378.04,149
837,3,7269,Router WiFi 6,17779.18,42
847,4,7270,Fuente 650W 80+,30620.99,475
875,0,7266,Monitor 24",4069.97,498
857,6,7272,Memoria 16GB,7953.29,475
818,1,7267,Notebook 15",20486.42,193
867,7,7273,SSD NVMe 1TB,17695.75,420
809,5,7271,SSD NVMe 1TB,28633.29,416
828,2,7268,Router WiFi 6,28402.59,207
838,3,7269,Webcam 1080p,4260.74,244
848,4,7270,Pad Mouse XL,14754.03,156
876,0,7266,Memoria 16GB,11338.71,176
858,6,7272,SSD NVMe 1TB,18165.77,170
819,1,7267,Motherboard AM5,24537.64,473
868,7,7273,Auriculares BT,2373.26,250
810,5,7271,Microfono USB,17988.08,12
829,2,7268,Pad Mouse XL,23267.56,338
839,3,7269,Silla Gamer,1914.37,119
849,4,7270,Notebook 15",17262.09,150
877,0,7266,Fuente 650W 80+,28871.62,429
859,6,7272,Memoria 16GB,27975.15,201
820,1,7267,Notebook 15",18198.37,12
869,7,7273,Webcam 1080p,18058.23,310
881,5,7271,Webcam 1080p,15126.77,37
830,2,7268,Silla Gamer,7463.98,107
840,3,7269,Router WiFi 6,26539.28,344
850,4,7270,SSD NVMe 1TB,29787.26,57
878,0,7266,GPU RTX 4060,4765.07,168
860,6,7272,Auriculares BT,5723.39,239
891,1,7267,Microfono USB,24393.59,500
870,7,7273,Webcam 1080p,4960.11,441
882,5,7271,Fuente 650W 80+,1710.02,137
901,2,7268,Webcam 1080p,4482.48,421
911,3,7269,Auriculares BT,19047.39,407
921,4,7270,Microfono USB,16581.23,30
879,0,7266,Memoria 16GB,30453.69,142
931,6,7272,Microfono USB,22471.99,299
892,1,7267,Fuente 650W 80+,4724.69,461
941,7,7273,Notebook 15",10885.12,266
883,5,7271,Router WiFi 6,1211.26,460
902,2,7268,Teclado Mecanico,16862.27,361
912,3,7269,Notebook 15",27328.11,167
922,4,7270,Silla Gamer,27922.89,249
880,0,7266,Auriculares BT,30427.05,248
932,6,7272,Webcam 1080p,17512.45,388
893,1,7267,GPU RTX 4060,15731.89,449
942,7,7273,Motherboard AM5,28141.71,405
884,5,7271,Notebook 15",20246.08,496
903,2,7268,Mouse Gamer,24342.07,365
913,3,7269,Auriculares BT,1647.14,169
923,4,7270,Motherboard AM5,28343.18,264
951,0,7266,SSD NVMe 1TB,3033.95,318
933,6,7272,Webcam 1080p,8631.99,185
894,1,7267,Auriculares BT,13967.83,346
943,7,7273,Pad Mouse XL,18209.22,119
885,5,7271,Router WiFi 6,19883.46,218
904,2,7268,Auriculares BT,26179.48,400
914,3,7269,Mouse Gamer,16914.37,145
924,4,7270,Mouse Gamer,30736.24,24
952,0,7266,Motherboard AM5,2515.38,412
934,6,7272,Monitor 24",30336.72,494
895,1,7267,Silla Gamer,15785.81,111
944,7,7273,Microfono USB,3978.85,202
886,5,7271,Webcam 1080p,24563.37,382
905,2,7268,Pad Mouse XL,19426.06,399
915,3,7269,Motherboard AM5,26954.60,198
925,4,7270,Router WiFi 6,12353.06,159
953,0,7266,GPU RTX 4060,23523.26,463
935,6,7272,Motherboard AM5,16576.69,472
896,1,7267,GPU RTX 4060,15930.70,163
945,7,7273,GPU RTX 4060,3947.32,96
887,5,7271,Notebook 15",19823.51,302
906,2,7268,Router WiFi 6,3621.88,471
916,3,7269,GPU RTX 4060,22831.30,458
926,4,7270,Notebook 15",28661.77,295
954,0,7266,Pad Mouse XL,19410.64,57
936,6,7272,Microfono USB,3011.19,466
897,1,7267,Fuente 650W 80+,22955.23,403
946,7,7273,Router WiFi 6,28450.22,24
888,5,7271,SSD NVMe 1TB,12557.45,365
907,2,7268,Notebook 15",8608.22,263
917,3,7269,Router WiFi 6,4135.36,223
927,4,7270,Mouse Gamer,14797.57,72
955,0,7266,Monitor 24",3424.11,42
937,6,7272,Auriculares BT,9895.82,445
898,1,7267,Motherboard AM5,20060.73,475
947,7,7273,GPU RTX 4060,23004.65,361
889,5,7271,Microfono USB,15752.71,222
908,2,7268,Microfono USB,20868.98,401
918,3,7269,Mouse Gamer,6963.59,435
928,4,7270,Monitor 24",8664.94,365
956,0,7266,Silla Gamer,25969.15,352
938,6,7272,Mouse Gamer,14281.90,244
899,1,7267,Pad Mouse XL,27523.59,328
948,7,7273,Webcam 1080p,14004.04,462
890,5,7271,Router WiFi 6,14486.74,474
909,2,7268,Monitor 24",13105.90,0
919,3,7269,Silla Gamer,14110.48,318
929,4,7270,Motherboard AM5,25542.77,130
957,0,7266,Webcam 1080p,6243.86,16
939,6,7272,Fuente 650W 80+,20254.36,315
900,1,7267,Teclado Mecanico,24299.77,297
949,7,7273,Monitor 24",4475.87,111
961,5,7271,Motherboard AM5,30843.43,339
910,2,7268,Memoria 16GB,20975.50,260
920,3,7269,Webcam 1080p,9258.21,342
930,4,7270,Monitor 24",27132.67,78
958,0,7266,Webcam 1080p,7753.86,395
940,6,7272,SSD NVMe 1TB,2308.20,274
971,1,7267,Webcam 1080p,26705.43,210
950,7,7273,Teclado Mecanico,8170.86,48
962,5,7271,SSD NVMe 1TB,30222.97,39
981,2,7268,Router WiFi 6,3435.70,371
991,3,7269,Motherboard AM5,12005.17,206
1001,4,7270,Mouse Gamer,16899.78,103
959,0,7266,Monitor 24",21356.40,179
1011,6,7272,Mouse Gamer,23825.89,257
972,1,7267,Mouse Gamer,7769.33,244
1021,7,7273,SSD NVMe 1TB,9708.57,159
963,5,7271,Memoria 16GB,18023.79,234
982,2,7268,Teclado Mecanico,6362.41,378
992,3,7269,Notebook 15",28019.94,395
1002,4,7270,Silla Gamer,9833.30,461
960,0,7266,Router WiFi 6,13124.79,280
1012,6,7272,Mouse Gamer,19527.92,289
973,1,7267,Webcam 1080p,25799.80,44
1022,7,7273,Microfono USB,5742.94,390
964,5,7271,Microfono USB,2612.40,342
983,2,7268,Auriculares BT,26748.60,240
993,3,7269,Fuente 650W 80+,10546.50,363
1003,4,7270,Mouse Gamer,23483.52,27
1031,0,7266,Motherboard AM5,10371.45,67
1013,6,7272,Microfono USB,2951.99,397
974,1,7267,GPU RTX 4060,27490.87,77
1023,7,7273,Monitor 24",8439.76,5
965,5,7271,Webcam 1080p,11123.78,127
984,2,7268,Memoria 16GB,4656.96,247
994,3,7269,Auriculares BT,3115.16,31
1004,4,7270,GPU RTX 4060,14557.10,43
1032,0,7266,Webcam 1080p,9030.85,351
1014,6,7272,Mouse Gamer,7632.87,422
975,1,7267,Motherboard AM5,23600.56,315
1024,7,7273,Monitor 24",21931.52,441
966,5,7271,Notebook 15",23224.35,324
985,2,7268,Teclado Mecanico,29087.65,98
995,3,7269,SSD NVMe 1TB,9970.78,172
1005,4,7270,Motherboard AM5,10545.38,295
1033,0,7266,Mouse Gamer,29450.53,336
1015,6,7272,Fuente 650W 80+,10393.51,339
976,1,7267,Webcam 1080p,19098.55,139
1025,7,7273,Fuente 650W 80+,20325.64,219
967,5,7271,Mouse Gamer,17962.75,311
986,2,7268,Router WiFi 6,12036.47,78
996,3,7269,Motherboard AM5,30805.94,253
1006,4,7270,Memoria 16GB,5392.86,288
1034,0,7266,Teclado Mecanico,21501.25,51
1016,6,7272,Webcam 1080p,6268.13,225
977,1,7267,Webcam 1080p,19091.85,310
1026,7,7273,Teclado Mecanico,26614.42,377
968,5,7271,Fuente 650W 80+,30866.30,8
987,2,7268,Motherboard AM5,25946.98,145
997,3,7269,Motherboard AM5,2551.01,19
1007,4,7270,Teclado Mecanico,1673.98,335
1035,0,7266,Memoria 16GB,3289.31,170
1017,6,7272,Router WiFi 6,11267.34,233
978,1,7267,Microfono USB,20545.94,276
1027,7,7273,Mouse Gamer,28077.57,416
969,5,7271,Webcam 1080p,14155.97,412
988,2,7268,Mouse Gamer,30692.52,444
998,3,7269,Auriculares BT,21382.43,260
1008,4,7270,Memoria 16GB,2362.88,300
1036,0,7266,Monitor 24",4841.65,430
1018,6,7272,Mouse Gamer,17985.33,483
979,1,7267,Pad Mouse XL,22788.61,76
1028,7,7273,Router WiFi 6,15913.32,88
970,5,7271,Auriculares BT,14546.66,312
989,2,7268,Fuente 650W 80+,15410.93,165
999,3,7269,Microfono USB,6646.84,152
1009,4,7270,Motherboard AM5,21539.23,455
1037,0,7266,Auriculares BT,30286.48,222
1019,6,7272,Fuente 650W 80+,4654.92,452
980,1,7267,Pad Mouse XL,30726.80,149
1029,7,7273,Pad Mouse XL,12945.62,276
1041,5,7271,Notebook 15",7628.15,462
990,2,7268,Auriculares BT,13158.06,135
1000,3,7269,GPU RTX 4060,7135.13,407
1010,4,7270,Monitor 24",5924.88,10
1038,0,7266,Teclado Mecanico,3085.78,64
1020,6,7272,Fuente 650W 80+,28920.34,3
1051,1,7267,Teclado Mecanico,26580.74,326
1030,7,7273,Microfono USB,7679.03,263
1042,5,7271,GPU RTX 4060,25830.78,213
1061,2,7268,Microfono USB,3523.93,433
1071,3,7269,Silla Gamer,9824.84,326
1081,4,7270,Microfono USB,15915.30,48
1039,0,7266,GPU RTX 4060,14832.44,103
1091,6,7272,Monitor 24",15761.21,256
1052,1,7267,Notebook 15",16990.75,230
1101,7,7273,Pad Mouse XL,1899.16,402
1043,5,7271,Monitor 24",5373.08,58
1062,2,7268,SSD NVMe 1TB,21918.08,125
1072,3,7269,Router WiFi 6,12241.52,376
1082,4,7270,GPU RTX 4060,8696.93,337
1040,0,7266,Pad Mouse XL,24583.92,32
1092,6,7272,Pad Mouse XL,21315.22,300
1053,1,7267,Monitor 24",9059.88,368
1102,7,7273,Router WiFi 6,21685.47,498
1044,5,7271,Silla Gamer,8405.77,387
1063,2,7268,Router WiFi 6,19762.34,322
1073,3,7269,Teclado Mecanico,8684.64,467
1083,4,7270,Silla Gamer,16209.60,196
1111,0,7266,Auriculares BT,7609.10,499
1093,6,7272,Silla Gamer,4810.69,121
1054,1,7267,Memoria 16GB,7997.91,412
1103,7,7273,Pad Mouse XL,19889.40,237
1045,5,7271,Router WiFi 6,13152.26,371
1064,2,7268,Silla Gamer,5465.54,45
1074,3,7269,Silla Gamer,5223.85,87
1084,4,7270,Notebook 15",16026.57,207
1112,0,7266,Teclado Mecanico,27697.57,200
1094,6,7272,Memoria 16GB,20284.22,165
1055,1,7267,Notebook 15",7772.64,334
1104,7,7273,Fuente 650W 80+,10291.38,383
1046,5,7271,Pad Mouse XL,24871.87,439
1065,2,7268,SSD NVMe 1TB,19349.66,3
1075,3,7269,Microfono USB,24468.65,81
1085,4,7270,Router WiFi 6,17646.24,257
1113,0,7266,Monitor 24",20289.43,164
1095,6,7272,SSD NVMe 1TB,22572.96,45
1056,1,7267,Teclado Mecanico,29840.39,500
1105,7,7273,Microfono USB,24883.21,49
1047,5,7271,Auriculares BT,12683.52,17
1066,2,7268,Teclado Mecanico,14826.69,128
1076,3,7269,Memoria 16GB,10882.69,94
1086,4,7270,Monitor 24",9395.09,455
1114,0,7266,Teclado Mecanico,17946.97,324
1096,6,7272,Mouse Gamer,24999.64,239
1057,1,7267,Mouse Gamer,22991.34,110
1106,7,7273,Memoria 16GB,18190.86,228
1048,5,7271,Teclado Mecanico,30820.68,296
1067,2,7268,Router WiFi 6,30951.54,98
1077,3,7269,Silla Gamer,20635.87,36
1087,4,7270,SSD NVMe 1TB,18973.35,124
1115,0,7266,Notebook 15",25893.63,428
1097,6,7272,Mouse Gamer,8338.28,288
1058,1,7267,Fuente 650W 80+,2069.65,470
1107,7,7273,Silla Gamer,13467.40,420
1049,5,7271,Teclado Mecanico,15752.52,254
1068,2,7268,Microfono USB,18643.63,218
1078,3,7269,Silla Gamer,4116.29,456
1088,4,7270,Router WiFi 6,28058.58,368
1116,0,7266,Silla Gamer,8576.14,316
1098,6,7272,Motherboard AM5,22765.93,426
1059,1,7267,Pad Mouse XL,2400.14,393
1108,7,7273,Monitor 24",25741.10,314
1050,5,7271,Teclado Mecanico,11568.82,323
1069,2,7268,Webcam 1080p,1911.39,94
1079,3,7269,Memoria 16GB,13992.03,77
1089,4,7270,Monitor 24",5041.26,39
1117,0,7266,Monitor 24",19596.60,395
1099,6,7272,Auriculares BT,16092.02,73
1060,1,7267,Pad Mouse XL,4626.86,65
1109,7,7273,Memoria 16GB,13426.17,268
1121,5,7271,Teclado Mecanico,10285.93,140
1070,2,7268,Monitor 24",27826.63,266
1080,3,7269,GPU RTX 4060,27181.69,275
1090,4,7270,Notebook 15",26315.81,130
1118,0,7266,SSD NVMe 1TB,13956.89,490
1100,6,7272,Router WiFi 6,3238.22,453
1131,1,7267,Notebook 15",4189.75,90
1110,7,7273,Mouse Gamer,22350.31,130
1122,5,7271,Motherboard AM5,12661.62,350
1141,2,7268,Memoria 16GB,14064.67,74
1151,3,7269,GPU RTX 4060,1183.45,402
1161,4,7270,Webcam 1080p,28545.51,385
1119,0,7266,SSD NVMe 1TB,15894.59,144
1171,6,7272,Microfono USB,7747.32,203
1132,1,7267,Silla Gamer,12926.19,83
1181,7,7273,Mouse Gamer,28555.79,423
1123,5,7271,Mouse Gamer,7960.73,495
1142,2,7268,Notebook 15",23554.71,161
1152,3,7269,GPU RTX 4060,20190.11,245
1162,4,7270,Monitor 24",20338.42,364
1120,0,7266,Memoria 16GB,15615.95,323
1172,6,7272,Fuente 650W 80+,14146.19,42
1133,1,7267,Monitor 24",1763.44,115
1182,7,7273,Pad Mouse XL,25673.42,168
1124,5,7271,Microfono USB,27166.94,135
1143,2,7268,Monitor 24",29540.37,92
1153,3,7269,Mouse Gamer,21685.56,312
1163,4,7270,Auriculares BT,4765.00,389
1191,0,7266,Router WiFi 6,9962.94,79
1173,6,7272,Motherboard AM5,24615.85,405
1134,1,7267,SSD NVMe 1TB,24169.02,433
1183,7,7273,Router WiFi 6,9126.34,421
1125,5,7271,Webcam 1080p,5575.02,210
1144,2,7268,Memoria 16GB,6503.04,245
1154,3,7269,Router WiFi 6,26897.54,118
1164,4,7270,Mouse Gamer,15565.71,275
1192,0,7266,Mouse Gamer,21629.81,336
1174,6,7272,Fuente 650W 80+,15512.72,7
1135,1,7267,Memoria 16GB,24732.18,229
1184,7,7273,Auriculares BT,25729.61,479
1126,5,7271,Microfono USB,14973.16,301
1145,2,7268,Router WiFi 6,6844.49,442
1155,3,7269,Fuente 650W 80+,27290.50,323
1165,4,7270,Notebook 15",9432.22,356
1193,0,7266,Notebook 15",20741.82,147
1175,6,7272,Auriculares BT,4313.46,98
1136,1,7267,Memoria 16GB,10388.92,391
1185,7,7273,Microfono USB,29168.39,201
1127,5,7271,Memoria 16GB,7835.68,350
1146,2,7268,SSD NVMe 1TB,22838.68,237
1156,3,7269,Pad Mouse XL,30454.92,87
1166,4,7270,Router WiFi 6,9590.18,394
1194,0,7266,Mouse Gamer,30651.83,9
1176,6,7272,Webcam 1080p,18064.92,437
1137,1,7267,Notebook 15",10457.68,335
1186,7,7273,Webcam 1080p,12151.71,106
1128,5,7271,GPU RTX 4060,16059.41,307
1147,2,7268,Fuente 650W 80+,16197.05,343
1157,3,7269,Microfono USB,8755.84,105
1167,4,7270,Teclado Mecanico,5927.42,209
1195,0,7266,Teclado Mecanico,16756.24,250
1177,6,7272,Microfono USB,18366.70,187
1138,1,7267,Auriculares BT,25919.51,249
1187,7,7273,Monitor 24",13551.77,253
1129,5,7271,Pad Mouse XL,11180.17,448
1148,2,7268,Monitor 24",30958.32,144
1158,3,7269,Silla Gamer,29806.26,158
1168,4,7270,Memoria 16GB,10362.87,333
1196,0,7266,Monitor 24",4094.12,449
1178,6,7272,SSD NVMe 1TB,11531.45,175
1139,1,7267,Memoria 16GB,12393.10,306
1188,7,7273,Monitor 24",1235.72,203
1130,5,7271,GPU RTX 4060,25832.17,240
1149,2,7268,GPU RTX 4060,25535.51,367
1159,3,7269,Silla Gamer,7551.49,7
1169,4,7270,Monitor 24",9106.47,74
1197,0,7266,Silla Gamer,16963.22,462
1179,6,7272,Auriculares BT,12176.44,336
1140,1,7267,SSD NVMe 1TB,13892.43,415
1189,7,7273,Silla Gamer,27926.06,490
1201,5,7271,Microfono USB,10298.70,374
1150,2,7268,Pad Mouse XL,28489.08,111
1160,3,7269,Teclado Mecanico,3247.84,301
1170,4,7270,SSD NVMe 1TB,1558.60,158
1198,0,7266,Fuente 650W 80+,16483.41,147
1180,6,7272,Router WiFi 6,1506.79,411
1211,1,7267,Silla Gamer,2492.80,79
1190,7,7273,GPU RTX 4060,19219.12,46
1202,5,7271,Fuente 650W 80+,26535.60,167
1221,2,7268,Microfono USB,1096.87,15
1231,3,7269,Router WiFi 6,6178.06,425
1241,4,7270,Motherboard AM5,25365.56,254
1199,0,7266,Microfono USB,11092.19,273
1251,6,7272,Notebook 15",17599.78,405
1212,1,7267,Fuente 650W 80+,5946.09,418
1261,7,7273,Monitor 24",9502.03,373
1203,5,7271,Motherboard AM5,10730.46,494
1222,2,7268,Silla Gamer,8708.34,401
1232,3,7269,Microfono USB,3164.31,184
1242,4,7270,Auriculares BT,3848.60,104
1200,0,7266,Router WiFi 6,18863.86,99
1252,6,7272,Microfono USB,26289.35,169
1213,1,7267,Motherboard AM5,4581.45,149
1262,7,7273,Pad Mouse XL,19604.01,189
1204,5,7271,Microfono USB,17274.15,454
1223,2,7268,Silla Gamer,25757.65,260
1233,3,7269,Silla Gamer,21053.20,71
1243,4,7270,Motherboard AM5,24466.07,431
1271,0,7266,Memoria 16GB,14283.87,40
1253,6,7272,Monitor 24",4111.76,289
1214,1,7267,Teclado Mecanico,22147.10,91
1263,7,7273,Motherboard AM5,23227.68,53
1205,5,7271,Notebook 15",23207.95,194
1224,2,7268,Teclado Mecanico,23685.81,75
1234,3,7269,Microfono USB,13320.73,345
1244,4,7270,Router WiFi 6,29811.19,383
1272,0,7266,Motherboard AM5,17501.52,500
1254,6,7272,Silla Gamer,4636.87,29
1215,1,7267,Monitor 24",16775.62,492
1264,7,7273,Pad Mouse XL,28049.88,87
1206,5,7271,Memoria 16GB,15254.23,418
1225,2,7268,Webcam 1080p,7860.44,438
1235,3,7269,Auriculares BT,24780.61,250
1245,4,7270,Notebook 15",8325.82,441
1273,0,7266,Mouse Gamer,17317.69,326
1255,6,7272,Pad Mouse XL,12303.21,270
1216,1,7267,Router WiFi 6,12934.17,280
1265,7,7273,Notebook 15",2066.05,136
1207,5,7271,Notebook 15",28742.61,333
1226,2,7268,Webcam 1080p,6827.41,333
1236,3,7269,Microfono USB,6921.59,39
1246,4,7270,Webcam 1080p,4403.62,344
1274,0,7266,Memoria 16GB,4070.72,391
1256,6,7272,Monitor 24",14574.14,213
1217,1,7267,Teclado Mecanico,8890.82,410
1266,7,7273,SSD NVMe 1TB,20945.77,36
1208,5,7271,GPU RTX 4060,17070.18,336
1227,2,7268,SSD NVMe 1TB,27352.27,376
1237,3,7269,Monitor 24",22974.85,0
1247,4,7270,SSD NVMe 1TB,27643.13,39
1275,0,7266,Webcam 1080p,21038.09,209
1257,6,7272,Router WiFi 6,29367.10,175
1218,1,7267,Memoria 16GB,23325.88,202
1267,7,7273,Router WiFi 6,28199.96,182
1209,5,7271,Router WiFi 6,30579.69,14
1228,2,7268,Monitor 24",15050.57,0
1238,3,7269,Notebook 15",10548.91,126
1248,4,7270,Monitor 24",2826.77,213
1276,0,7266,Motherboard AM5,4628.00,174
1258,6,7272,Notebook 15",3313.30,313
1219,1,7267,Teclado Mecanico,22532.85,323
1268,7,7273,Monitor 24",24564.02,403
1210,5,7271,Pad Mouse XL,5292.88,144
1229,2,7268,Pad Mouse XL,24712.08,201
1239,3,7269,Pad Mouse XL,13194.34,84
1249,4,7270,Fuente 650W 80+,11804.04,384
1277,0,7266,SSD NVMe 1TB,28595.92,232
1259,6,7272,Silla Gamer,17920.92,428
1220,1,7267,Pad Mouse XL,23187.55,50
1269,7,7273,Teclado Mecanico,18786.89,14
1281,5,7271,SSD NVMe 1TB,2543.49,482
1230,2,7268,Motherboard AM5,25409.31,264
1240,3,7269,Auriculares BT,27416.84,64
1250,4,7270,Fuente 650W 80+,8237.34,248
1278,0,7266,Silla Gamer,5146.91,2
1260,6,7272,Pad Mouse XL,14066.02,374
1291,1,7267,Router WiFi 6,7653.59,431
1270,7,7273,Motherboard AM5,26703.19,297
1282,5,7271,Mouse Gamer,22242.74,67
1301,2,7268,Silla Gamer,16907.20,20
1311,3,7269,Pad Mouse XL,28138.77,67
1321,4,7270,Monitor 24",15170.65,354
1279,0,7266,Mouse Gamer,6595.57,296
1331,6,7272,Router WiFi 6,20548.91,96
1292,1,7267,SSD NVMe 1TB,20075.19,279
1341,7,7273,Fuente 650W 80+,9004.04,432
1283,5,7271,Mouse Gamer,17400.12,369
1302,2,7268,Mouse Gamer,14706.98,244
1312,3,7269,Router WiFi 6,11553.68,111
1322,4,7270,Notebook 15",2446.98,179
1280,0,7266,Webcam 1080p,18471.88,357
1332,6,7272,Router WiFi 6,22434.23,363
1293,1,7267,Auriculares BT,26434.35,262
1342,7,7273,Pad Mouse XL,23727.03,101
1284,5,7271,Webcam 1080p,21789.26,478
1303,2,7268,Fuente 650W 80+,26522.33,189
1313,3,7269,Pad Mouse XL,23728.46,284
1323,4,7270,Auriculares BT,28500.84,297
1351,0,7266,Pad Mouse XL,30977.43,305
1333,6,7272,Microfono USB,5745.57,196
1294,1,7267,GPU RTX 4060,13205.64,157
1343,7,7273,Memoria 16GB,19073.98,206
1285,5,7271,Auriculares BT,22467.17,348
1304,2,7268,Pad Mouse XL,20734.24,485
1314,3,7269,Router WiFi 6,17037.21,111
1324,4,7270,Mouse Gamer,12612.44,74
1352,0,7266,Notebook 15",11408.35,481
1334,6,7272,Monitor 24",23710.40,246
1295,1,7267,Motherboard AM5,28938.36,481
1344,7,7273,GPU RTX 4060,17473.95,284
1286,5,7271,Memoria 16GB,10129.48,201
1305,2,7268,Motherboard AM5,14782.57,415
1315,3,7269,Silla Gamer,10303.95,473
1325,4,7270,Microfono USB,19622.79,154
1353,0,7266,Pad Mouse XL,5397.04,95
1335,6,7272,Teclado Mecanico,13595.98,203
1296,1,7267,GPU RTX 4060,18003.21,92
1345,7,7273,SSD NVMe 1TB,25733.84,403
1287,5,7271,Microfono USB,19954.22,139
1306,2,7268,Router WiFi 6,16936.72,345
1316,3,7269,Silla Gamer,22458.42,260
1326,4,7270,Monitor 24",25423.18,69
1354,0,7266,Auriculares BT,3606.60,318
1336,6,7272,Teclado Mecanico,12908.71,241
1297,1,7267,Notebook 15",10177.37,207
1346,7,7273,Mouse Gamer,9476.99,231
1288,5,7271,Silla Gamer,25051.03,457
1307,2,7268,Auriculares BT,1043.27,363
1317,3,7269,Mouse Gamer,12371.76,480
1327,4,7270,Fuente 650W 80+,12478.34,421
1355,0,7266,Microfono USB,18910.11,308
1337,6,7272,Memoria 16GB,10332.81,487
1298,1,7267,Motherboard AM5,23516.34,326
1347,7,7273,GPU RTX 4060,16280.87,173
1289,5,7271,Microfono USB,15288.16,383
1308,2,7268,Teclado Mecanico,9689.43,52
1318,3,7269,Notebook 15",24771.25,258
1328,4,7270,Silla Gamer,24865.03,478
1356,0,7266,Auriculares BT,8871.19,186
1338,6,7272,GPU RTX 4060,24323.72,419
1299,1,7267,Mouse Gamer,30151.58,235
1348,7,7273,Memoria 16GB,27893.52,309
1290,5,7271,Teclado Mecanico,11986.29,365
1309,2,7268,GPU RTX 4060,25216.33,271
1319,3,7269,Microfono USB,18659.60,409
1329,4,7270,Teclado Mecanico,22351.04,246
1357,0,7266,Monitor 24",8712.98,216
1339,6,7272,Memoria 16GB,13834.95,257
1300,1,7267,Auriculares BT,5204.74,222
1349,7,7273,Monitor 24",21313.47,11
1361,5,7271,Memoria 16GB,3268.16,298
1310,2,7268,Memoria 16GB,16815.68,484
1320,3,7269,Memoria 16GB,5002.66,68
1330,4,7270,Auriculares BT,27112.80,334
1358,0,7266,Fuente 650W 80+,28891.62,465
1340,6,7272,Silla Gamer,25942.34,244
1371,1,7267,Webcam 1080p,14630.57,231
1350,7,7273,Microfono USB,20815.91,101
1362,5,7271,Microfono USB,19517.07,406
1381,2,7268,Pad Mouse XL,28044.08,445
1391,3,7269,Motherboard AM5,9961.34,269
1401,4,7270,Pad Mouse XL,15926.98,120
1359,0,7266,Teclado Mecanico,2404.08,333
1411,6,7272,Monitor 24",27368.79,412
1372,1,7267,Webcam 1080p,4970.02,361
1421,7,7273,Router WiFi 6,29926.04,181
1363,5,7271,Microfono USB,1327.12,198
1382,2,7268,Motherboard AM5,25428.04,484
1392,3,7269,GPU RTX 4060,9635.58,358
1402,4,7270,Motherboard AM5,8741.07,36
1360,0,7266,Fuente 650W 80+,25754.99,251
1412,6,7272,Teclado Mecanico,27914.50,208
1373,1,7267,Notebook 15",12532.50,218
1422,7,7273,Microfono USB,13603.26,182
1364,5,7271,GPU RTX 4060,30166.41,127
1383,2,7268,Motherboard AM5,15889.40,86
1393,3,7269,Router WiFi 6,12347.69,182
1403,4,7270,Memoria 16GB,14807.78,483
1431,0,7266,SSD NVMe 1TB,17017.70,168
1413,6,7272,Teclado Mecanico,1035.15,409
1374,1,7267,Memoria 16GB,19290.92,60
1423,7,7273,GPU RTX 4060,16160.25,231
1365,5,7271,Mouse Gamer,11655.30,160
1384,2,7268,SSD NVMe 1TB,30078.10,390
1394,3,7269,Webcam 1080p,12122.90,460
1404,4,7270,Memoria 16GB,19231.06,152
1432,0,7266,GPU RTX 4060,11649.30,392
1414,6,7272,Pad Mouse XL,30542.72,466
1375,1,7267,Webcam 1080p,26305.70,222
1424,7,7273,Microfono USB,16184.11,495
1366,5,7271,Fuente 650W 80+,27219.12,451
1385,2,7268,Motherboard AM5,16584.91,170
1395,3,7269,Motherboard AM5,2731.88,47
1405,4,7270,Microfono USB,27216.97,446
1433,0,7266,Notebook 15",12269.41,328
1415,6,7272,Mouse Gamer,14740.26,488
1376,1,7267,Fuente 650W 80+,28764.57,383
1425,7,7273,SSD NVMe 1TB,3329.56,152
1367,5,7271,Notebook 15",15958.78,308
1386,2,7268,GPU RTX 4060,10236.81,189
1396,3,7269,Monitor 24",2454.81,248
1406,4,7270,GPU RTX 4060,3638.08,61
1434,0,7266,Memoria 16GB,15213.02,92
1416,6,7272,Silla Gamer,25989.55,191
1377,1,7267,GPU RTX 4060,23509.53,388
1426,7,7273,GPU RTX 4060,21351.24,169
1368,5,7271,Microfono USB,15212.33,250
1387,2,7268,Webcam 1080p,8899.48,418
1397,3,7269,Monitor 24",16447.83,118
1407,4,7270,Motherboard AM5,17509.60,407
1435,0,7266,Router WiFi 6,17118.20,33
1417,6,7272,Auriculares BT,17432.27,211
1378,1,7267,Fuente 650W 80+,11334.85,47
1427,7,7273,Fuente 650W 80+,18075.88,2
1369,5,7271,Webcam 1080p,2206.11,196
1388,2,7268,Notebook 15",24049.32,370
1398,3,7269,Webcam 1080p,8357.37,454
1408,4,7270,Webcam 1080p,19523.41,176
1436,0,7266,Pad Mouse XL,5903.65,326
1418,6,7272,Silla Gamer,18238.92,28
1379,1,7267,SSD NVMe 1TB,13676.67,185
1428,7,7273,Router WiFi 6,26165.89,307
1370,5,7271,SSD NVMe 1TB,21661.45,318
1389,2,7268,GPU RTX 4060,28394.33,99
1399,3,7269,Monitor 24",16176.61,430
1409,4,7270,Fuente 650W 80+,27713.43,429
1437,0,7266,Notebook 15",6074.87,69
1419,6,7272,Fuente 650W 80+,8165.75,371
1380,1,7267,Webcam 1080p,14041.66,243
1429,7,7273,Webcam 1080p,19953.93,285
1441,5,7271,Auriculares BT,15819.28,86
1390,2,7268,SSD NVMe 1TB,14464.54,144
1400,3,7269,Webcam 1080p,9736.19,484
1410,4,7270,Microfono USB,24192.39,454
1438,0,7266,Auriculares BT,7791.53,207
1420,6,7272,Microfono USB,3125.32,13
1451,1,7267,Silla Gamer,14869.90,443
1430,7,7273,Pad Mouse XL,3161.67,488
1442,5,7271,Motherboard AM5,19980.06,96
1461,2,7268,Pad Mouse XL,29688.94,384
1471,3,7269,Memoria 16GB,7059.94,477
1481,4,7270,Pad Mouse XL,17033.24,135
1439,0,7266,Memoria 16GB,25765.53,239
1491,6,7272,Fuente 650W 80+,20111.37,234
1452,1,7267,Motherboard AM5,4469.98,131
1501,7,7273,GPU RTX 4060,19055.94,494
1443,5,7271,Fuente 650W 80+,16779.71,17
1462,2,7268,Fuente 650W 80+,10606.69,264
1472,3,7269,Router WiFi 6,26730.08,351
1482,4,7270,Microfono USB,8573.81,320
1440,0,7266,Webcam 1080p,12240.97,82
1492,6,7272,Notebook 15",9229.85,47
1453,1,7267,Monitor 24",14264.55,84
1502,7,7273,Webcam 1080p,17360.74,134
1444,5,7271,Teclado Mecanico,24762.49,477
1463,2,7268,GPU RTX 4060,4176.36,229
1473,3,7269,Silla Gamer,30978.79,8
1483,4,7270,SSD NVMe 1TB,28841.11,165
1511,0,7266,Mouse Gamer,1582.10,37
1493,6,7272,Motherboard AM5,29014.42,451
1454,1,7267,Motherboard AM5,26425.59,241
1503,7,7273,Motherboard AM5,1556.99,13
1445,5,7271,Monitor 24",25515.25,312
1464,2,7268,SSD NVMe 1TB,4815.49,405
1474,3,7269,Router WiFi 6,21008.29,249
1484,4,7270,Notebook 15",12566.11,404
1512,0,7266,Fuente 650W 80+,26691.07,179
1494,6,7272,Pad Mouse XL,11632.24,263
1455,1,7267,SSD NVMe 1TB,14384.93,27
1504,7,7273,Mouse Gamer,7841.26,207
1446,5,7271,Monitor 24",1050.79,300
1465,2,7268,Auriculares BT,12720.73,139
1475,3,7269,Silla Gamer,22993.55,189
1485,4,7270,Monitor 24",23448.86,223
1513,0,7266,SSD NVMe 1TB,30570.36,177
1495,6,7272,Memoria 16GB,6634.83,154
1456,1,7267,Router WiFi 6,28141.32,352
1505,7,7273,Fuente 650W 80+,3919.89,124
1447,5,7271,Router WiFi 6,26529.75,12
1466,2,7268,Webcam 1080p,10087.22,5
1476,3,7269,Auriculares BT,4910.60,375
1486,4,7270,Motherboard AM5,1609.53,265
1514,0,7266,Pad Mouse XL,27404.00,184
1496,6,7272,Microfono USB,19509.17,189
1457,1,7267,Mouse Gamer,17340.99,429
1506,7,7273,Notebook 15",18467.19,15
1448,5,7271,Router WiFi 6,13359.89,303
1467,2,7268,Auriculares BT,5383.91,25
1477,3,7269,Memoria 16GB,29810.68,284
1487,4,7270,Memoria 16GB,14520.94,284
1515,0,7266,Teclado Mecanico,27653.71,165
1497,6,7272,Silla Gamer,16385.52,276
1458,1,7267,Router WiFi 6,30707.85,355
1507,7,7273,Motherboard AM5,2787.56,401
1449,5,7271,SSD NVMe 1TB,15076.22,222
1468,2,7268,Microfono USB,13467.89,66
1478,3,7269,Memoria 16GB,23637.96,288
1488,4,7270,Notebook 15",21193.41,446
1516,0,7266,Auriculares BT,6440.64,331
1498,6,7272,SSD NVMe 1TB,4335.18,124
1459,1,7267,Router WiFi 6,18397.69,358
1508,7,7273,Teclado Mecanico,27722.21,231
1450,5,7271,Mouse Gamer,7577.95,253
1469,2,7268,Monitor 24",6409.80,442
1479,3,7269,Router WiFi 6,16172.49,234
1489,4,7270,GPU RTX 4060,12877.83,495
1517,0,7266,GPU RTX 4060,8445.78,243
1499,6,7272,Teclado Mecanico,19170.13,30
1460,1,7267,Auriculares BT,24407.98,364
1509,7,7273,GPU RTX 4060,13070.96,223
1521,5,7271,Memoria 16GB,29722.54,335
1470,2,7268,Webcam 1080p,17687.63,420
1480,3,7269,Pad Mouse XL,27029.26,403
1490,4,7270,Microfono USB,25447.70,140
1518,0,7266,Router WiFi 6,9944.51,482
1500,6,7272,Webcam 1080p,10976.67,398
1531,1,7267,Fuente 650W 80+,20989.67,84
1510,7,7273,Microfono USB,6067.90,390
1522,5,7271,Pad Mouse XL,23999.10,340
1541,2,7268,Fuente 650W 80+,28270.76,378
1551,3,7269,GPU RTX 4060,16861.11,411
1561,4,7270,Memoria 16GB,19186.59,298
1519,0,7266,Auriculares BT,21672.65,99
1571,6,7272,Webcam 1080p,10411.53,135
1532,1,7267,SSD NVMe 1TB,26336.35,427
1581,7,7273,Mouse Gamer,3709.97,119
1523,5,7271,Router WiFi 6,3220.66,339
1542,2,7268,Teclado Mecanico,20334.15,462
1552,3,7269,Monitor 24",12704.02,246
1562,4,7270,Router WiFi 6,16265.36,176
1520,0,7266,SSD NVMe 1TB,10083.76,310
1572,6,7272,Fuente 650W 80+,3207.53,390
1533,1,7267,Router WiFi 6,15567.74,430
1582,7,7273,Router WiFi 6,24883.14,48
1524,5,7271,Motherboard AM5,30703.12,388
1543,2,7268,Fuente 650W 80+,13199.98,30
1553,3,7269,Motherboard AM5,27861.48,152
1563,4,7270,Fuente 650W 80+,10814.92,306
1591,0,7266,Microfono USB,7198.04,383
1573,6,7272,Monitor 24",7395.91,442
1534,1,7267,Webcam 1080p,26816.27,499
1583,7,7273,SSD NVMe 1TB,16034.48,323
1525,5,7271,Microfono USB,13682.68,223
1544,2,7268,Microfono USB,30710.79,100
1554,3,7269,Mouse Gamer,29643.57,394
1564,4,7270,Router WiFi 6,7783.88,445
1592,0,7266,Webcam 1080p,19176.75,134
1574,6,7272,SSD NVMe 1TB,7699.24,92
1535,1,7267,Monitor 24",25426.84,106
1584,7,7273,Pad Mouse XL,11537.04,42
1526,5,7271,Motherboard AM5,22355.62,411
1545,2,7268,Motherboard AM5,4419.73,473
1555,3,7269,Router WiFi 6,22864.68,382
1565,4,7270,GPU RTX 4060,19517.76,146
1593,0,7266,Pad Mouse XL,5135.00,14
1575,6,7272,Mouse Gamer,3852.67,305
1536,1,7267,Motherboard AM5,20498.18,345
1585,7,7273,Motherboard AM5,1059.39,363
1527,5,7271,Router WiFi 6,7570.84,47
1546,2,7268,Motherboard AM5,17059.80,222
1556,3,7269,Mouse Gamer,30387.08,370
1566,4,7270,GPU RTX 4060,24443.87,459
1594,0,7266,Microfono USB,12839.97,363
1576,6,7272,Router WiFi 6,16004.28,451
1537,1,7267,Memoria 16GB,29723.07,359
1586,7,7273,GPU RTX 4060,25442.82,428
1528,5,7271,Notebook 15",14471.56,330
1547,2,7268,Teclado Mecanico,11014.67,230
1557,3,7269,Auriculares BT,25148.78,393
1567,4,7270,Memoria 16GB,7490.06,286
1595,0,7266,Teclado Mecanico,29377.87,3
1577,6,7272,Pad Mouse XL,5038.70,378
1538,1,7267,Auriculares BT,15978.37,100
1587,7,7273,Teclado Mecanico,12752.59,439
1529,5,7271,Motherboard AM5,5699.85,453
1548,2,7268,Router WiFi 6,8613.20,192
1558,3,7269,Pad Mouse XL,11145.14,187
1568,4,7270,Silla Gamer,22216.60,231
1596,0,7266,Router WiFi 6,27975.36,134
1578,6,7272,Pad Mouse XL,5852.00,23
1539,1,7267,Auriculares BT,4990.03,494
1588,7,7273,Notebook 15",7806.79,115
1530,5,7271,Teclado Mecanico,4539.28,311
1549,2,7268,Silla Gamer,23527.89,264
1559,3,7269,GPU RTX 4060,17479.49,328
1569,4,7270,GPU RTX 4060,22617.71,82
1597,0,7266,Webcam 1080p,24340.96,49
1579,6,7272,Teclado Mecanico,17671.89,437
1540,1,7267,Teclado Mecanico,8984.80,293
1589,7,7273,Memoria 16GB,24916.60,260
1601,5,7271,Notebook 15",13754.26,87
1550,2,7268,Auriculares BT,19310.10,35
1560,3,7269,Memoria 16GB,23286.50,191
1570,4,7270,Microfono USB,25881.10,49
1598,0,7266,Auriculares BT,24536.78,458
1580,6,7272,Monitor 24",17475.27,405
1611,1,7267,Pad Mouse XL,4383.70,128
1590,7,7273,GPU RTX 4060,14898.33,238
1602,5,7271,Teclado Mecanico,10064.89,454
1621,2,7268,Notebook 15",3835.38,21
1631,3,7269,Teclado Mecanico,26593.01,323
1641,4,7270,Auriculares BT,27834.03,14
1599,0,7266,Microfono USB,18827.02,168
1651,6,7272,GPU RTX 4060,14776.70,204
1612,1,7267,Motherboard AM5,3592.24,243
1661,7,7273,Webcam 1080p,3973.33,415
1603,5,7271,Monitor 24",23554.88,128
1622,2,7268,Memoria 16GB,16262.90,96
1632,3,7269,Teclado Mecanico,30807.35,500
1642,4,7270,Webcam 1080p,13552.60,170
1600,0,7266,Teclado Mecanico,25276.53,225
1652,6,7272,Router WiFi 6,22122.19,182
1613,1,7267,Silla Gamer,20940.02,450
1662,7,7273,Fuente 650W 80+,23390.78,77
1604,5,7271,Microfono USB,4550.76,406
1623,2,7268,Router WiFi 6,13452.45,37
1633,3,7269,Silla Gamer,10351.81,116
1643,4,7270,Pad Mouse XL,9552.41,329
1671,0,7266,Mouse Gamer,18967.11,351
1653,6,7272,Webcam 1080p,5851.14,235
1614,1,7267,Webcam 1080p,5553.52,114
1663,7,7273,Auriculares BT,29254.53,393
1605,5,7271,Router WiFi 6,24721.69,371
1624,2,7268,Teclado Mecanico,24216.26,210
1634,3,7269,Pad Mouse XL,20992.95,446
1644,4,7270,Notebook 15",29486.32,22
1672,0,7266,Router WiFi 6,11126.85,168
1654,6,7272,Motherboard AM5,13092.32,164
1615,1,7267,SSD NVMe 1TB,4640.43,103
1664,7,7273,Microfono USB,27794.58,381
1606,5,7271,Motherboard AM5,21333.45,381
1625,2,7268,Fuente 650W 80+,14742.66,283
1635,3,7269,Teclado Mecanico,15289.13,86
1645,4,7270,Router WiFi 6,2471.33,76
1673,0,7266,Fuente 650W 80+,6149.11,104
1655,6,7272,Fuente 650W 80+,5364.75,24
1616,1,7267,Webcam 1080p,12846.59,432
1665,7,7273,Fuente 650W 80+,11711.53,103
1607,5,7271,Teclado Mecanico,1289.99,351
1626,2,7268,Webcam 1080p,15158.27,261
1636,3,7269,Microfono USB,4910.46,417
1646,4,7270,SSD NVMe 1TB,12757.36,318
1674,0,7266,Microfono USB,7904.08,140
1656,6,7272,Memoria 16GB,28035.45,101
1617,1,7267,SSD NVMe 1TB,12712.62,407
1666,7,7273,Router WiFi 6,24037.84,102
1608,5,7271,Motherboard AM5,17438.64,374
1627,2,7268,SSD NVMe 1TB,7339.12,472
1637,3,7269,Motherboard AM5,20639.19,452
1647,4,7270,Motherboard AM5,18112.55,197
1675,0,7266,Fuente 650W 80+,1333.54,22
1657,6,7272,Router WiFi 6,7804.57,21
1618,1,7267,Microfono USB,25190.57,87
1667,7,7273,Fuente 650W 80+,4605.29,174
1609,5,7271,Auriculares BT,16233.41,201
1628,2,7268,Fuente 650W 80+,22977.58,83
1638,3,7269,Fuente 650W 80+,12677.04,117
1648,4,7270,Microfono USB,15063.97,25
1676,0,7266,Memoria 16GB,13455.63,205
1658,6,7272,Webcam 1080p,22180.42,414
1619,1,7267,Memoria 16GB,1513.11,80
1668,7,7273,Auriculares BT,26126.14,326
1610,5,7271,Silla Gamer,26994.08,488
1629,2,7268,Auriculares BT,27366.69,488
1639,3,7269,Motherboard AM5,7707.28,392
1649,4,7270,Router WiFi 6,30135.37,496
1677,0,7266,Monitor 24",4788.20,469
1659,6,7272,Memoria 16GB,3906.13,315
1620,1,7267,Auriculares BT,9132.81,222
1669,7,7273,Auriculares BT,15354.16,206
1681,5,7271,Silla Gamer,25941.53,400
1630,2,7268,Notebook 15",4336.38,378
1640,3,7269,Monitor 24",23423.33,43
1650,4,7270,Auriculares BT,7001.21,436
1678,0,7266,Silla Gamer,4355.94,184
1660,6,7272,Pad Mouse XL,24606.76,393
1691,1,7267,Pad Mouse XL,3024.76,33
1670,7,7273,Pad Mouse XL,5387.86,363
1682,5,7271,Teclado Mecanico,19007.59,132
1701,2,7268,Monitor 24",9743.71,226
1711,3,7269,Pad Mouse XL,21885.55,113
1721,4,7270,Microfono USB,16866.25,308
1679,0,7266,Microfono USB,28880.86,18
1731,6,7272,Router WiFi 6,21819.19,120
1692,1,7267,Silla Gamer,2467.62,27
1741,7,7273,Webcam 1080p,17367.36,287
1683,5,7271,Teclado Mecanico,26791.96,427
1702,2,7268,Memoria 16GB,18820.35,68
1712,3,7269,Router WiFi 6,25732.69,266
1722,4,7270,Auriculares BT,29582.44,426
1680,0,7266,Silla Gamer,14882.68,1
1732,6,7272,Notebook 15",8632.08,328
1693,1,7267,Teclado Mecanico,24448.34,361
1742,7,7273,Auriculares BT,5723.97,328
1684,5,7271,Mouse Gamer,7820.78,308
1703,2,7268,Notebook 15",27583.49,104
1713,3,7269,Memoria 16GB,29732.75,480
1723,4,7270,SSD NVMe 1TB,18609.47,11
1751,0,7266,Fuente 650W 80+,4120.92,41
1733,6,7272,Router WiFi 6,11107.06,417
1694,1,7267,Notebook 15",1469.89,143
1743,7,7273,Auriculares BT,21357.70,250
1685,5,7271,Microfono USB,30190.10,371
1704,2,7268,Silla Gamer,13292.78,321
1714,3,7269,Monitor 24",16678.48,108
1724,4,7270,Monitor 24",17034.02,308
1752,0,7266,Monitor 24",2829.38,383
1734,6,7272,Pad Mouse XL,3991.97,45
1695,1,7267,Pad Mouse XL,8443.54,94
1744,7,7273,Fuente 650W 80+,2703.56,244
1686,5,7271,Microfono USB,3505.63,59
1705,2,7268,Teclado Mecanico,28528.38,484
1715,3,7269,Microfono USB,18208.95,85
1725,4,7270,Fuente 650W 80+,8076.02,434
1753,0,7266,Memoria 16GB,11872.62,24
1735,6,7272,Router WiFi 6,20622.25,339
1696,1,7267,Microfono USB,27318.95,242
1745,7,7273,Auriculares BT,13905.74,87
1687,5,7271,Mouse Gamer,25636.56,442
1706,2,7268,Mouse Gamer,24927.99,438
1716,3,7269,Mouse Gamer,24711.38,11
1726,4,7270,Pad Mouse XL,4688.11,430
1754,0,7266,Mouse Gamer,23521.03,44
1736,6,7272,Pad Mouse XL,19577.82,138
1697,1,7267,Monitor 24",27474.07,65
1746,7,7273,Monitor 24",30639.68,257
1688,5,7271,Teclado Mecanico,8462.67,435
1707,2,7268,Monitor 24",12883.73,262
1717,3,7269,Memoria 16GB,16470.43,264
1727,4,7270,Teclado Mecanico,1453.77,106
1755,0,7266,Monitor 24",2086.00,416
1737,6,7272,Router WiFi 6,5477.89,476
1698,1,7267,Fuente 650W 80+,25783.22,114
1747,7,7273,Router WiFi 6,4279.48,140
1689,5,7271,Notebook 15",8078.93,0
1708,2,7268,Monitor 24",12510.72,79
1718,3,7269,Memoria 16GB,18346.81,322
1728,4,7270,Silla Gamer,2152.20,144
1756,0,7266,SSD NVMe 1TB,14504.73,269
1738,6,7272,Motherboard AM5,16019.28,88
1699,1,7267,Router WiFi 6,8826.75,270
1748,7,7273,Notebook 15",7509.18,162
1690,5,7271,SSD NVMe 1TB,10600.55,248
1709,2,7268,Memoria 16GB,24605.67,380
1719,3,7269,Motherboard AM5,11477.42,348
1729,4,7270,Webcam 1080p,26969.33,426
1757,0,7266,Webcam 1080p,2473.34,383
1739,6,7272,Microfono USB,23677.46,52
1700,1,7267,Motherboard AM5,25705.00,349
1749,7,7273,Mouse Gamer,5193.39,192
1761,5,7271,Memoria 16GB,3063.79,383
1710,2,7268,Motherboard AM5,16425.56,49
1720,3,7269,Notebook 15",25991.54,68
1730,4,7270,SSD NVMe 1TB,8586.08,114
1758,0,7266,Memoria 16GB,4277.74,425
1740,6,7272,Fuente 650W 80+,28195.16,270
1771,1,7267,Pad Mouse XL,20499.80,206
1750,7,7273,Memoria 16GB,22850.55,104
1762,5,7271,GPU RTX 4060,1861.93,371
1781,2,7268,Router WiFi 6,24198.58,46
1791,3,7269,Webcam 1080p,20630.76,159
1801,4,7270,Router WiFi 6,23102.73,17
1759,0,7266,Silla Gamer,11222.53,307
1811,6,7272,GPU RTX 4060,29304.61,169
1772,1,7267,Pad Mouse XL,22275.61,199
1821,7,7273,Router WiFi 6,2311.09,462
1763,5,7271,Webcam 1080p,28236.70,352
1782,2,7268,Memoria 16GB,27062.74,461
1792,3,7269,SSD NVMe 1TB,8417.28,65
1802,4,7270,Motherboard AM5,4830.32,29
1760,0,7266,Microfono USB,8468.97,127
1812,6,7272,Monitor 24",10864.06,208
1773,1,7267,Notebook 15",18688.14,250
1822,7,7273,Teclado Mecanico,30272.87,422
1764,5,7271,Teclado Mecanico,19460.79,16
1783,2,7268,Fuente 650W 80+,3641.58,271
1793,3,7269,Router WiFi 6,28821.03,260
1803,4,7270,SSD NVMe 1TB,7136.96,296
1831,0,7266,Router WiFi 6,27120.23,161
1813,6,7272,Monitor 24",30727.39,418
1774,1,7267,Fuente 650W 80+,25321.71,42
1823,7,7273,Mouse Gamer,12399.99,271
1765,5,7271,Silla Gamer,19624.58,60
1784,2,7268,GPU RTX 4060,3331.52,47
1794,3,7269,Monitor 24",13019.92,437
1804,4,7270,Motherboard AM5,6394.21,422
1832,0,7266,Memoria 16GB,11228.56,422
1814,6,7272,Silla Gamer,10556.59,246
1775,1,7267,Memoria 16GB,22376.93,328
1824,7,7273,Router WiFi 6,17544.53,476
1766,5,7271,Notebook 15",15088.66,47
1785,2,7268,Webcam 1080p,30763.19,301
1795,3,7269,Motherboard AM5,10308.17,267
1805,4,7270,Fuente 650W 80+,22634.34,123
1833,0,7266,Webcam 1080p,12337.78,227
1815,6,7272,Teclado Mecanico,14401.32,184
1776,1,7267,Monitor 24",3488.62,253
1825,7,7273,Memoria 16GB,10915.64,395
1767,5,7271,Mouse Gamer,26542.83,107
1786,2,7268,Webcam 1080p,3348.21,271
1796,3,7269,Webcam 1080p,11163.96,0
1806,4,7270,Auriculares BT,26425.92,277
1834,0,7266,Silla Gamer,2170.81,43
1816,6,7272,Teclado Mecanico,11140.06,365
1777,1,7267,Microfono USB,5105.78,246
1826,7,7273,Auriculares BT,7702.35,174
1768,5,7271,Teclado Mecanico,30567.47,93
1787,2,7268,SSD NVMe 1TB,17750.46,458
1797,3,7269,Silla Gamer,17559.10,309
1807,4,7270,Notebook 15",2539.19,196
1835,0,7266,Silla Gamer,5576.26,180
1817,6,7272,Motherboard AM5,5840.72,139
1778,1,7267,Monitor 24",6755.20,34
1827,7,7273,Router WiFi 6,11264.29,443
1769,5,7271,Microfono USB,6294.92,367
1788,2,7268,Pad Mouse XL,12817.17,7
1798,3,7269,Router WiFi 6,20452.50,387
1808,4,7270,Fuente 650W 80+,3872.15,153
1836,0,7266,Motherboard AM5,29340.87,311
1818,6,7272,GPU RTX 4060,2470.67,254
1779,1,7267,Teclado Mecanico,3810.54,224
1828,7,7273,Webcam 1080p,25410.64,196
1770,5,7271,Microfono USB,11890.10,343
1789,2,7268,Auriculares BT,23109.47,496
1799,3,7269,Memoria 16GB,19440.57,250
1809,4,7270,Silla Gamer,25713.57,286
1837,0,7266,Router WiFi 6,19928.23,366
1819,6,7272,Router WiFi 6,26113.06,131
1780,1,7267,Router WiFi 6,7315.42,6
1829,7,7273,Teclado Mecanico,4122.89,157
1841,5,7271,Teclado Mecanico,30606.25,160
1790,2,7268,Fuente 650W 80+,29437.80,65
1800,3,7269,Microfono USB,13693.33,161
1810,4,7270,Fuente 650W 80+,23020.11,290
1838,0,7266,Router WiFi 6,25183.79,213
1820,6,7272,Router WiFi 6,21727.68,299
1851,1,7267,Mouse Gamer,28568.71,119
1830,7,7273,Mouse Gamer,27549.73,240
1842,5,7271,Webcam 1080p,15042.33,131
1861,2,7268,Router WiFi 6,4684.99,263
1871,3,7269,Pad Mouse XL,19722.31,140
1881,4,7270,Auriculares BT,13795.76,402
1839,0,7266,Microfono USB,6747.36,118
1891,6,7272,Fuente 650W 80+,3494.17,407
1852,1,7267,Fuente 650W 80+,24716.39,24
1901,7,7273,Silla Gamer,10191.97,161
1843,5,7271,Webcam 1080p,17519.45,333
1862,2,7268,Notebook 15",19109.06,322
1872,3,7269,Mouse Gamer,26968.86,39
1882,4,7270,Memoria 16GB,12413.48,79
1840,0,7266,Silla Gamer,3685.56,221
1892,6,7272,Webcam 1080p,23124.39,83
1853,1,7267,Silla Gamer,17113.07,3
1902,7,7273,Microfono USB,17632.28,54
1844,5,7271,Notebook 15",19796.16,437
1863,2,7268,Router WiFi 6,15624.93,289
1873,3,7269,Teclado Mecanico,10368.90,310
1883,4,7270,Pad Mouse XL,19786.82,165
1911,0,7266,Webcam 1080p,10379.86,455
1893,6,7272,Memoria 16GB,1337.58,217
1854,1,7267,Router WiFi 6,8167.41,247
1903,7,7273,Microfono USB,6954.90,237
1845,5,7271,Mouse Gamer,23466.22,217
1864,2,7268,Router WiFi 6,27271.11,298
1874,3,7269,Memoria 16GB,11319.92,483
1884,4,7270,Notebook 15",1321.61,265
1912,0,7266,Router WiFi 6,26564.61,111
1894,6,7272,SSD NVMe 1TB,4352.75,296
1855,1,7267,Fuente 650W 80+,12899.21,250
1904,7,7273,Silla Gamer,23830.21,488
1846,5,7271,Router WiFi 6,13422.88,144
1865,2,7268,SSD NVMe 1TB,16086.34,331
1875,3,7269,Memoria 16GB,23467.82,409
1885,4,7270,Auriculares BT,29138.59,175
1913,0,7266,Microfono USB,8529.08,214
1895,6,7272,Microfono USB,7720.01,211
1856,1,7267,Memoria 16GB,19371.59,62
1905,7,7273,GPU RTX 4060,19937.12,96
1847,5,7271,Microfono USB,24722.27,403
1866,2,7268,Pad Mouse XL,27181.47,184
1876,3,7269,Pad Mouse XL,7778.26,271
1886,4,7270,Pad Mouse XL,19594.30,77
1914,0,7266,GPU RTX 4060,30742.68,20
1896,6,7272,Memoria 16GB,28688.29,297
1857,1,7267,Silla Gamer,29129.60,434
1906,7,7273,Notebook 15",9855.27,219
1848,5,7271,Microfono USB,7851.66,443
1867,2,7268,Fuente 650W 80+,18641.72,79
1877,3,7269,GPU RTX 4060,27670.24,417
1887,4,7270,Fuente 650W 80+,26513.27,59
1915,0,7266,Mouse Gamer,10410.56,417
1897,6,7272,GPU RTX 4060,6000.53,473
1858,1,7267,Memoria 16GB,22670.67,91
1907,7,7273,Monitor 24",1455.43,451
1849,5,7271,Mouse Gamer,19786.96,416
1868,2,7268,Pad Mouse XL,14870.50,378
1878,3,7269,Auriculares BT,7575.17,15
1888,4,7270,Silla Gamer,25815.40,60
1916,0,7266,Router WiFi 6,11874.97,343
1898,6,7272,SSD NVMe 1TB,28362.46,159
1859,1,7267,Fuente 650W 80+,3228.31,331
1908,7,7273,SSD NVMe 1TB,22025.39,23
1850,5,7271,Webcam 1080p,28282.00,293
1869,2,7268,Fuente 650W 80+,20246.58,428
1879,3,7269,Router WiFi 6,8861.37,91
1889,4,7270,Notebook 15",29631.15,378
1917,0,7266,Fuente 650W 80+,28211.71,261
1899,6,7272,Silla Gamer,4481.04,66
1860,1,7267,Mouse Gamer,22141.67,489
1909,7,7273,Fuente 650W 80+,25402.26,268
1921,5,7271,Microfono USB,7741.42,421
1870,2,7268,Notebook 15",16807.78,171
1880,3,7269,Monitor 24",3409.27,40
1890,4,7270,Silla Gamer,11135.90,423
1918,0,7266,Fuente 650W 80+,3899.06,104
1900,6,7272,Router WiFi 6,6143.24,16
1931,1,7267,GPU RTX 4060,9064.55,289
1910,7,7273,Notebook 15",15126.89,487
1922,5,7271,GPU RTX 4060,8655.66,178
1941,2,7268,Auriculares BT,30303.53,365
1951,3,7269,Fuente 650W 80+,20539.23,19
1961,4,7270,Fuente 650W 80+,23012.66,285
1919,0,7266,SSD NVMe 1TB,14931.88,413
1971,6,7272,Router WiFi 6,23356.67,42
1932,1,7267,Webcam 1080p,3672.80,107
1981,7,7273,Notebook 15",22379.99,432
1923,5,7271,Fuente 650W 80+,21374.73,15
1942,2,7268,Fuente 650W 80+,16717.64,32
1952,3,7269,GPU RTX 4060,10508.87,221
1962,4,7270,Microfono USB,2052.90,304
1920,0,7266,Motherboard AM5,10857.67,330
1972,6,7272,Microfono USB,10115.44,455
1933,1,7267,Silla Gamer,15296.46,90
1982,7,7273,Mouse Gamer,19988.94,243
1924,5,7271,Silla Gamer,27190.92,459
1943,2,7268,Monitor 24",1981.90,261
1953,3,7269,SSD NVMe 1TB,24670.66,154
1963,4,7270,SSD NVMe 1TB,22621.67,99
1991,0,7266,Teclado Mecanico,24706.15,454
1973,6,7272,Teclado Mecanico,12508.48,82
1934,1,7267,GPU RTX 4060,20142.80,493
1983,7,7273,Motherboard AM5,21981.35,46
1925,5,7271,Fuente 650W 80+,11670.46,420
1944,2,7268,Microfono USB,5499.65,73
1954,3,7269,Auriculares BT,15705.09,11
1964,4,7270,SSD NVMe 1TB,13138.23,206
1992,0,7266,Fuente 650W 80+,22202.95,404
1974,6,7272,Auriculares BT,5695.84,284
1935,1,7267,Monitor 24",25593.13,268
1984,7,7273,Auriculares BT,19206.13,171
1926,5,7271,Fuente 650W 80+,17450.87,116
1945,2,7268,Teclado Mecanico,4703.37,144
1955,3,7269,Memoria 16GB,22619.87,140
1965,4,7270,GPU RTX 4060,22117.73,31
1993,0,7266,Notebook 15",19898.37,152
1975,6,7272,Motherboard AM5,18189.55,4
1936,1,7267,Router WiFi 6,14024.67,289
1985,7,7273,SSD NVMe 1TB,15308.84,367
1927,5,7271,Router WiFi 6,29869.19,62
1946,2,7268,Teclado Mecanico,12140.11,270
1956,3,7269,Webcam 1080p,6445.97,55
1966,4,7270,Monitor 24",9000.77,399
1994,0,7266,GPU RTX 4060,18663.88,482
1976,6,7272,SSD NVMe 1TB,9178.18,210
1937,1,7267,Memoria 16GB,13130.85,229
1986,7,7273,Fuente 650W 80+,27133.13,108
1928,5,7271,Mouse Gamer,16190.48,391
1947,2,7268,Motherboard AM5,2837.89,264
1957,3,7269,Notebook 15",4537.70,177
1967,4,7270,Auriculares BT,26217.03,16
1995,0,7266,Notebook 15",2946.00,253
1977,6,7272,Teclado Mecanico,9201.67,250
1938,1,7267,Pad Mouse XL,17608.67,58
1987,7,7273,Notebook 15",26889.11,223
1929,5,7271,Teclado Mecanico,5300.39,470
1948,2,7268,Auriculares BT,4174.25,402
1958,3,7269,SSD NVMe 1TB,1291.25,279
1968,4,7270,Teclado Mecanico,30853.64,211
1996,0,7266,Webcam 1080p,20878.84,305
1978,6,7272,Fuente 650W 80+,6304.82,265
1939,1,7267,Microfono USB,6523.38,153
1988,7,7273,Router WiFi 6,25343.04,443
1930,5,7271,Motherboard AM5,12870.65,139
1949,2,7268,Memoria 16GB,4503.93,410
1959,3,7269,Silla Gamer,24770.81,20
1969,4,7270,Router WiFi 6,21019.01,255
1997,0,7266,Monitor 24",19293.68,256
1979,6,7272,Motherboard AM5,20632.90,276
1940,1,7267,Pad Mouse XL,3153.37,451
1989,7,7273,Teclado Mecanico,12030.75,200
1950,2,7268,Auriculares BT,17159.21,360
1960,3,7269,Memoria 16GB,18008.15,7
1970,4,7270,Webcam 1080p,28804.79,211
1998,0,7266,Teclado Mecanico,3464.71,437
1980,6,7272,Notebook 15",11197.51,107
1990,7,7273,Pad Mouse XL,11452.07,450
1999,0,7266,SSD NVMe 1TB,17736.49,488
2000,0,7266,Fuente 650W 80+,18480.97,400
